玩家名,行,列,用时/秒,时间
plazum,14,10,'1.00,Mon Dec 06 2021 01:49:13 GMT+0800 (中国标准时间)
plazum,14,10,'1.35,Mon Dec 06 2021 14:53:02 GMT+0800 (中国标准时间)
plazum,14,10,'1.44,Mon Dec 06 2021 14:57:48 GMT+0800 (中国标准时间)
plazum,14,10,'1.28,Mon Dec 06 2021 15:30:45 GMT+0800 (中国标准时间)
plazum,14,14,'2.42,Mon Dec 06 2021 18:20:50 GMT+0800 (中国标准时间)
plazum,20,14,'2.27,Mon Dec 06 2021 18:21:15 GMT+0800 (中国标准时间)
plazum,20,20,'2.75,Mon Dec 06 2021 18:21:28 GMT+0800 (中国标准时间)
plazum,14,10,'3.00,Mon Dec 06 2021 18:23:07 GMT+0800 (CST)
lightnf,14,10,'1.53,Mon Dec 06 2021 19:18:11 GMT+0800 (中国标准时间)
lightnf,14,10,'1.00,Mon Dec 06 2021 19:19:36 GMT+0800 (中国标准时间)
lightnf,20,14,'0.97,Mon Dec 06 2021 19:21:38 GMT+0800 (中国标准时间)
Beau_David,20,14,'5.86,Mon Dec 06 2021 19:22:35 GMT+0800 (中国标准时间)
平安名堇,20,14,'0.96,Mon Dec 06 2021 19:23:07 GMT+0800 (中国标准时间)
lightnf,20,14,'0.82,Mon Dec 06 2021 19:23:31 GMT+0800 (中国标准时间)
叶月恋,20,14,'2.10,Mon Dec 06 2021 19:40:36 GMT+0800 (中国标准时间)
Morningstar,100,100,'46.02,Mon Dec 06 2021 19:59:11 GMT+0800 (中国标准时间)
Morningstar,250,250,'71.70,Mon Dec 06 2021 20:02:42 GMT+0800 (中国标准时间)
涩谷香音,14,10,'1.83,Mon Dec 06 2021 20:19:51 GMT+0800 (中国标准时间)
岚千砂都,14,10,'0.72,Mon Dec 06 2021 20:19:50 GMT+0800 (中国标准时间)
叶月恋,14,10,'2.25,Mon Dec 06 2021 20:20:11 GMT+0800 (中国标准时间)
平安名堇,14,10,'1.73,Mon Dec 06 2021 20:20:25 GMT+0800 (中国标准时间)
平安名堇,14,10,'0.82,Mon Dec 06 2021 20:20:31 GMT+0800 (中国标准时间)
唐可可,20,14,'4.52,Mon Dec 06 2021 20:23:07 GMT+0800 (中国标准时间)
岚千砂都,20,14,'1.84,Mon Dec 06 2021 20:24:42 GMT+0800 (中国标准时间)
岚千砂都,20,20,'3.71,Mon Dec 06 2021 20:25:02 GMT+0800 (中国标准时间)
morningstar,14,10,'2.54,Mon Dec 06 2021 21:24:23 GMT+0800 (CST)
Morningstar,14,10,'2.11,Mon Dec 06 2021 21:25:02 GMT+0800 (CST)
唐可可,20,20,'2.27,Mon Dec 06 2021 21:28:22 GMT+0800 (CST)
Morningstar,500,500,'180.65,Mon Dec 06 2021 21:33:59 GMT+0800 (CST)
Morningstar,14,10,'1.41,Mon Dec 06 2021 21:55:04 GMT+0800 (CST)
Morningstar,14,10,'1.41,Mon Dec 06 2021 21:56:11 GMT+0800 (CST)
平安名堇Morningstar,14,10,'1.16,Mon Dec 06 2021 21:56:24 GMT+0800 (CST)
唐可可Morningstar,14,10,'0.92,Mon Dec 06 2021 21:56:33 GMT+0800 (CST)
Morningstar,249,250,'17.95,Mon Dec 06 2021 23:47:08 GMT+0800 (中国标准时间)
唐可可,14,10,'2.68,Tue Dec 07 2021 01:10:55 GMT+0800 (中国标准时间)
叶月恋,14,10,'1.76,Tue Dec 07 2021 01:11:42 GMT+0800 (中国标准时间)
plazum,20,20,'2.58,Tue Dec 07 2021 01:11:58 GMT+0800 (中国标准时间)
plazum,20,20,'1.78,Tue Dec 07 2021 01:12:31 GMT+0800 (中国标准时间)
岚千砂都,14,10,'1.36,Tue Dec 07 2021 01:11:52 GMT+0800 (中国标准时间)
plazum,30,30,'3.28,Tue Dec 07 2021 01:14:51 GMT+0800 (中国标准时间)
plazum,20,20,'2.26,Tue Dec 07 2021 01:20:53 GMT+0800 (中国标准时间)
plazum,40,40,'4.35,Tue Dec 07 2021 01:27:40 GMT+0800 (中国标准时间)
叶月恋,14,10,'2.60,Tue Dec 07 2021 02:41:08 GMT+0800 (中国标准时间)
plazum,20,20,'1.36,Tue Dec 07 2021 03:14:00 GMT+0800 (中国标准时间)
涩谷香音,14,10,'2.59,Tue Dec 07 2021 08:17:26 GMT+0800 (中国标准时间)
涩谷可可,14,10,'2.66,Tue Dec 07 2021 10:30:30 GMT+0800 (中国标准时间)
岚千砂都,20,14,'1.69,Tue Dec 07 2021 10:31:09 GMT+0800 (中国标准时间)
比利海灵顿,14,10,'1.64,Tue Dec 07 2021 10:33:05 GMT+0800 (中国标准时间)
小小黛厨,14,10,'-3.77,Tue Dec 07 2021 12:35:54 GMT+0800 (中国标准时间)
烫裤裤,14,10,'2.63,Tue Dec 07 2021 12:37:44 GMT+0800 (中国标准时间)
唐可可,14,10,'1.43,Tue Dec 07 2021 12:38:23 GMT+0800 (中国标准时间)
涩谷香音,20,14,'4.67,Tue Dec 07 2021 12:38:31 GMT+0800 (CST)
鲤鱼本人,14,10,'1.98,Tue Dec 07 2021 12:39:16 GMT+0800 (中国标准时间)
Liyuu-,14,10,'2.04,Tue Dec 07 2021 12:39:32 GMT+0800 (中国标准时间)
唐可可,20,14,'1.65,Tue Dec 07 2021 13:36:00 GMT+0800 (中国标准时间)
伊达老百合,14,10,'1.19,Tue Dec 07 2021 13:48:36 GMT+0800 (中国标准时间)
涩谷香音,14,10,'1.30,Tue Dec 07 2021 14:08:07 GMT+0800 (中国标准时间)
叶月恋,14,10,'2.67,Tue Dec 07 2021 15:13:52 GMT+0800 (Taipei Standard Time)
唐可可,20,14,'1.65,Tue Dec 07 2021 15:23:48 GMT+0800 (China Standard Time)
平安名堇,14,10,'2.91,Tue Dec 07 2021 15:35:52 GMT+0800 (中国标准时间)
岚千砂都,14,10,'1.95,Tue Dec 07 2021 15:36:09 GMT+0800 (中国标准时间)
叶月恋,14,10,'2.58,Tue Dec 07 2021 15:37:03 GMT+0800 (中国标准时间)
涩谷香音,14,10,'2.86,Tue Dec 07 2021 15:38:22 GMT+0800 (中国标准时间)
涩谷香音,14,10,'2.05,Tue Dec 07 2021 15:38:53 GMT+0800 (中国标准时间)
平安名堇,14,10,'1.83,Tue Dec 07 2021 15:59:50 GMT+0800 (中国标准时间)
叶月恋,100,100,'26.89,Tue Dec 07 2021 16:51:40 GMT+0800 (中国标准时间)
Morningstar,100,100,'20.61,Tue Dec 07 2021 16:52:17 GMT+0800 (中国标准时间)
Morningstar,100,100,'14.02,Tue Dec 07 2021 16:53:07 GMT+0800 (中国标准时间)
Tojo Nozomi,14,14,'3.07,Tue Dec 07 2021 17:55:47 GMT+0800 (GMT+08:00)
平安名堇,14,10,'1.68,Tue Dec 07 2021 17:58:32 GMT+0800 (GMT+08:00)
liyuu,14,10,'2.51,Tue Dec 07 2021 21:27:48 GMT+0800 (中国标准时间)
liyuu,20,14,'5.91,Tue Dec 07 2021 21:30:21 GMT+0800 (中国标准时间)
liyuu,20,14,'2.20,Tue Dec 07 2021 21:30:44 GMT+0800 (中国标准时间)
Morningstar,14,10,'2.97,Tue Dec 07 2021 23:52:15 GMT+0800 (CST)
唐少F洋,14,10,'2.94,Tue Dec 07 2021 23:52:25 GMT+0800 (中国标准时间)
lisnote,14,10,'0.13,Wed Dec 08 2021 00:08:14 GMT+0800 (中国标准时间)
王强,20,14,'3.33,Wed Dec 08 2021 00:33:27 GMT+0800 (CST)
Morningstar,14,10,'1.92,Wed Dec 08 2021 01:22:59 GMT+0800 (CST)
Morningstar,14,10,'2.05,Wed Dec 08 2021 01:23:48 GMT+0800 (CST)
Morningstar,14,10,'2.25,Wed Dec 08 2021 01:25:20 GMT+0800 (CST)
Morningstar,14,10,'1.73,Wed Dec 08 2021 01:25:43 GMT+0800 (CST)
Morningstar,14,10,'2.83,Wed Dec 08 2021 01:26:07 GMT+0800 (CST)
Morningstar,14,10,'1.69,Wed Dec 08 2021 01:26:52 GMT+0800 (CST)
Morningstar,14,10,'2.41,Wed Dec 08 2021 01:27:39 GMT+0800 (CST)
Morningstar,14,10,'1.31,Wed Dec 08 2021 01:28:02 GMT+0800 (CST)
Morningstar,14,10,'1.40,Wed Dec 08 2021 01:28:27 GMT+0800 (CST)
唐可可,14,10,'1.71,Wed Dec 08 2021 01:29:29 GMT+0800 (CST)
。,14,10,'1.83,Tue Dec 07 2021 12:29:41 GMT-0500 (北美东部标准时间)
。,14,10,'1.76,Tue Dec 07 2021 12:30:25 GMT-0500 (北美东部标准时间)
Morningstar,500,500,'75.03,Wed Dec 08 2021 01:34:18 GMT+0800 (中国标准时间)
Morningstar,500,500,'117.61,Wed Dec 08 2021 01:36:46 GMT+0800 (中国标准时间)
Morningstar,100,100,'19.12,Wed Dec 08 2021 01:40:17 GMT+0800 (中国标准时间)
Morningstar,100,100,'9.01,Wed Dec 08 2021 01:40:45 GMT+0800 (中国标准时间)
Morningstar,100,100,'4.72,Wed Dec 08 2021 01:41:13 GMT+0800 (中国标准时间)
Morningstar,100,100,'9.01,Wed Dec 08 2021 01:42:01 GMT+0800 (中国标准时间)
Morningstar,100,100,'5.05,Wed Dec 08 2021 01:46:00 GMT+0800 (中国标准时间)
Morningstar,100,100,'4.98,Wed Dec 08 2021 01:46:16 GMT+0800 (中国标准时间)
Morningstar,100,100,'14.10,Wed Dec 08 2021 01:47:26 GMT+0800 (中国标准时间)
Morningstar,100,100,'7.91,Wed Dec 08 2021 01:47:47 GMT+0800 (中国标准时间)
Morningstar,100,100,'8.05,Wed Dec 08 2021 01:48:22 GMT+0800 (中国标准时间)
Morningstar,100,100,'11.17,Wed Dec 08 2021 01:48:43 GMT+0800 (中国标准时间)
Morningstar,100,100,'13.66,Wed Dec 08 2021 01:49:07 GMT+0800 (中国标准时间)
Morningstar,100,100,'5.15,Wed Dec 08 2021 01:51:39 GMT+0800 (中国标准时间)
Morningstar,100,100,'26.97,Wed Dec 08 2021 01:54:02 GMT+0800 (中国标准时间)
plazum,30,30,'1.93,Wed Dec 08 2021 05:38:41 GMT+0800 (中国标准时间)
maplesaid,14,10,'1.46,Wed Dec 08 2021 08:22:16 GMT+0800 (中国标准时间)
涩谷香音,14,10,'1.57,Wed Dec 08 2021 08:31:51 GMT+0800 (中国标准时间)
叶月恋,14,10,'2.03,Wed Dec 08 2021 09:05:58 GMT+0800 (中国标准时间)
佳苯,20,14,'4.37,Wed Dec 08 2021 09:14:39 GMT+0800 (CST)
tlzup,14,10,'1.60,Wed Dec 08 2021 09:35:08 GMT+0800 (中国标准时间)
tlzup,20,20,'6.35,Wed Dec 08 2021 09:38:13 GMT+0800 (中国标准时间)
tlzup,14,10,'2.78,Wed Dec 08 2021 09:38:55 GMT+0800 (中国标准时间)
tlzup,14,10,'1.84,Wed Dec 08 2021 09:39:09 GMT+0800 (中国标准时间)
tlzup,14,10,'1.63,Wed Dec 08 2021 09:39:18 GMT+0800 (中国标准时间)
tlzup,14,10,'2.07,Wed Dec 08 2021 09:39:28 GMT+0800 (中国标准时间)
tlzup,20,20,'3.71,Wed Dec 08 2021 09:39:40 GMT+0800 (中国标准时间)
八达岭~,100,25,'5.24,Wed Dec 08 2021 09:44:51 GMT+0800 (中国标准时间)
平安名堇,14,10,'1.90,Wed Dec 08 2021 10:41:31 GMT+0800 (中国标准时间)
涩谷香音,20,14,'4.44,Wed Dec 08 2021 10:41:58 GMT+0800 (中国标准时间)
叶月恋,14,10,'1.51,Wed Dec 08 2021 10:56:37 GMT+0800 (CST)
涩谷香音,14,10,'2.36,Wed Dec 08 2021 10:56:53 GMT+0800 (CST)
叶月恋,14,10,'1.10,Wed Dec 08 2021 10:57:05 GMT+0800 (CST)
平安名堇,14,10,'2.58,Wed Dec 08 2021 10:57:13 GMT+0800 (CST)
tlzup,14,10,'2.69,Wed Dec 08 2021 11:30:13 GMT+0800 (中国标准时间)
tlzup,14,10,'1.28,Wed Dec 08 2021 11:30:41 GMT+0800 (中国标准时间)
tlzup,14,10,'1.82,Wed Dec 08 2021 11:31:34 GMT+0800 (中国标准时间)
tlzup,20,14,'5.63,Wed Dec 08 2021 11:31:49 GMT+0800 (中国标准时间)
tlzup,14,10,'1.30,Wed Dec 08 2021 11:32:04 GMT+0800 (中国标准时间)
tlzup,20,14,'4.15,Wed Dec 08 2021 11:32:16 GMT+0800 (中国标准时间)
唐可可为什么是神,20,14,'3.46,Tue Dec 07 2021 22:43:55 GMT-0500 (北美东部标准时间)
tlzup,14,10,'1.59,Wed Dec 08 2021 11:52:24 GMT+0800 (中国标准时间)
tlzup,20,14,'3.84,Wed Dec 08 2021 11:52:48 GMT+0800 (中国标准时间)
tlzup,14,10,'1.90,Wed Dec 08 2021 11:52:59 GMT+0800 (中国标准时间)
tlzup,14,14,'3.37,Wed Dec 08 2021 11:53:27 GMT+0800 (中国标准时间)
tlzup,14,10,'1.95,Wed Dec 08 2021 11:53:43 GMT+0800 (中国标准时间)
tlzup,14,10,'2.28,Wed Dec 08 2021 11:54:01 GMT+0800 (中国标准时间)
tlzup,14,10,'1.87,Wed Dec 08 2021 11:54:40 GMT+0800 (中国标准时间)
tlzup,20,14,'4.39,Wed Dec 08 2021 11:54:51 GMT+0800 (中国标准时间)
tlzup,14,10,'1.09,Wed Dec 08 2021 11:54:59 GMT+0800 (中国标准时间)
tlzup,14,10,'1.18,Wed Dec 08 2021 11:55:08 GMT+0800 (中国标准时间)
tlzup,20,14,'3.91,Wed Dec 08 2021 11:55:27 GMT+0800 (中国标准时间)
tlzup,20,20,'4.89,Wed Dec 08 2021 11:55:45 GMT+0800 (中国标准时间)
tlzup,14,10,'1.04,Wed Dec 08 2021 11:56:04 GMT+0800 (中国标准时间)
tlzup,14,10,'1.00,Wed Dec 08 2021 11:57:16 GMT+0800 (中国标准时间)
岚千砂都,14,10,'2.59,Wed Dec 08 2021 12:13:26 GMT+0800 (中国标准时间)
叶月恋,14,10,'1.78,Wed Dec 08 2021 12:13:41 GMT+0800 (中国标准时间)
岚千砂都,14,10,'1.56,Wed Dec 08 2021 12:13:47 GMT+0800 (中国标准时间)
唐可可,14,10,'2.03,Wed Dec 08 2021 12:13:52 GMT+0800 (中国标准时间)
平安名堇,20,14,'5.02,Wed Dec 08 2021 12:14:03 GMT+0800 (中国标准时间)
plazum,30,30,'1.49,Wed Dec 08 2021 12:16:41 GMT+0800 (CST)
涩谷香音,14,10,'1.67,Wed Dec 08 2021 12:17:21 GMT+0800 (中国标准时间)
平安名堇,14,10,'2.63,Wed Dec 08 2021 12:20:26 GMT+0800 (中国标准时间)
叶月恋,14,10,'1.50,Wed Dec 08 2021 12:21:57 GMT+0800 (中国标准时间)
唐可可,14,10,'1.00,Wed Dec 08 2021 12:22:16 GMT+0800 (中国标准时间)
涩谷香音,14,14,'1.33,Wed Dec 08 2021 12:22:39 GMT+0800 (中国标准时间)
叶月恋,14,14,'2.62,Wed Dec 08 2021 12:22:45 GMT+0800 (中国标准时间)
平安名堇,14,14,'2.92,Wed Dec 08 2021 12:22:59 GMT+0800 (中国标准时间)
唐可可,14,14,'2.24,Wed Dec 08 2021 12:23:12 GMT+0800 (中国标准时间)
平安名堇,14,10,'1.66,Wed Dec 08 2021 12:35:26 GMT+0800 (中国标准时间)
岚千砂都,200,200,'69.31,Wed Dec 08 2021 12:37:47 GMT+0800 (中国标准时间)
唐可可,14,10,'1.92,Wed Dec 08 2021 13:11:55 GMT+0800 (中国标准时间)
平安名堇,14,10,'1.82,Wed Dec 08 2021 13:15:26 GMT+0800 (中国标准时间)
平安名堇,20,20,'1.38,Wed Dec 08 2021 13:15:55 GMT+0800 (中国标准时间)
平安名堇,14,10,'1.51,Wed Dec 08 2021 13:53:45 GMT+0800 (中国标准时间)
唐可可,14,10,'2.44,Wed Dec 08 2021 14:14:13 GMT+0800 (China Standard Time)
叶月恋,14,10,'1.44,Wed Dec 08 2021 15:36:31 GMT+0800 (中国标准时间)
叶月恋,14,10,'1.69,Wed Dec 08 2021 15:36:41 GMT+0800 (中国标准时间)
涩谷香音,14,10,'2.17,Wed Dec 08 2021 15:36:51 GMT+0800 (中国标准时间)
岚千砂都,14,10,'1.46,Wed Dec 08 2021 15:37:25 GMT+0800 (中国标准时间)
唐可可,14,10,'1.30,Wed Dec 08 2021 15:52:28 GMT+0800 (中国标准时间)
Ran.,20,14,'2.44,Wed Dec 08 2021 16:21:02 GMT+0800 (CST)
Ran.,20,14,'3.27,Wed Dec 08 2021 16:26:46 GMT+0800 (CST)
Ran.,14,10,'0.89,Wed Dec 08 2021 16:29:42 GMT+0800 (CST)
"setInterval(""finish()"",0);",14,10,'0.00,Wed Dec 08 2021 16:49:40 GMT+0800 (中国标准时间)
"setInterval(""finish()"",0);",20,14,'0.02,Wed Dec 08 2021 16:50:25 GMT+0800 (中国标准时间)
控制台里输这个White Up Pointing Backhand Index,200,200,'9990.79,Wed Dec 08 2021 16:58:00 GMT+0800 (中国标准时间)
控制台里输这个↑,200,200,'9990.81,Wed Dec 08 2021 16:59:41 GMT+0800 (中国标准时间)
涩谷香音,14,10,'1.42,Wed Dec 08 2021 17:16:50 GMT+0800 (中国标准时间)
岚千砂都,14,10,'1.74,Wed Dec 08 2021 17:17:10 GMT+0800 (中国标准时间)
N,14,10,'2.54,Wed Dec 08 2021 17:22:05 GMT+0800 (中国标准时间)
臭豆腐,14,10,'2.18,Wed Dec 08 2021 17:29:57 GMT+0800 (中国标准时间)
天才少年A酱,14,10,'2.30,Wed Dec 08 2021 17:33:59 GMT+0800 (中国标准时间)
臭豆腐,14,10,'1.60,Wed Dec 08 2021 17:38:08 GMT+0800 (中国标准时间)
岚千砂都,14,10,'1.34,Wed Dec 08 2021 17:40:43 GMT+0800 (CST)
臭豆腐,20,14,'1.63,Wed Dec 08 2021 17:40:06 GMT+0800 (中国标准时间)
平安名堇,14,10,'1.98,Wed Dec 08 2021 17:40:54 GMT+0800 (CST)
低头看看海,14,10,'2.88,Wed Dec 08 2021 17:47:39 GMT+0800 (中国标准时间)
叶月恋,14,10,'1.64,Wed Dec 08 2021 17:48:11 GMT+0800 (中国标准时间)
岚千砂都,10,10,'1.69,Wed Dec 08 2021 17:52:57 GMT+0800 (CST)
唐可可,10,10,'1.83,Wed Dec 08 2021 17:53:07 GMT+0800 (CST)
唐可可,10,10,'1.81,Wed Dec 08 2021 17:53:18 GMT+0800 (CST)
唐可可,14,14,'1.61,Wed Dec 08 2021 17:53:24 GMT+0800 (CST)
唐可可,14,14,'1.87,Wed Dec 08 2021 17:53:30 GMT+0800 (CST)
岚千砂都,20,14,'2.99,Wed Dec 08 2021 17:53:39 GMT+0800 (CST)
平安名堇,20,14,'1.87,Wed Dec 08 2021 17:53:46 GMT+0800 (CST)
涩谷香音,14,10,'1.91,Wed Dec 08 2021 17:57:18 GMT+0800 (中国标准时间)
叶月恋,20,14,'1.68,Wed Dec 08 2021 17:57:26 GMT+0800 (中国标准时间)
臭豆腐,7,5,'0.68,Wed Dec 08 2021 18:00:31 GMT+0800 (中国标准时间)
臭豆腐,20,14,'1.20,Wed Dec 08 2021 18:09:37 GMT+0800 (中国标准时间)
臭豆腐,14,10,'0.89,Wed Dec 08 2021 18:13:39 GMT+0800 (中国标准时间)
岚千砂都,14,10,'2.68,Wed Dec 08 2021 18:19:15 GMT+0800 (中国标准时间)
平安名堇,14,10,'1.13,Wed Dec 08 2021 18:19:47 GMT+0800 (CST)
涩谷香音,14,10,'1.39,Wed Dec 08 2021 18:19:58 GMT+0800 (CST)
诶嘿,14,10,'1.47,Wed Dec 08 2021 18:25:56 GMT+0800 (China Standard Time)
诶嘿,14,10,'1.08,Wed Dec 08 2021 18:26:58 GMT+0800 (China Standard Time)
涩谷香音,14,10,'1.61,Wed Dec 08 2021 18:56:32 GMT+0800 (CST)
sucker,14,10,'1.24,Wed Dec 08 2021 18:50:58 GMT+0800 (GMT+08:00)
sucker1,20,14,'1.17,Wed Dec 08 2021 18:51:35 GMT+0800 (GMT+08:00)
岚千砂都,20,14,'2.89,Wed Dec 08 2021 19:05:08 GMT+0800 (中国标准时间)
叶月恋,14,10,'2.55,Wed Dec 08 2021 19:39:50 GMT+0800 (中国标准时间)
唐可可,14,10,'1.65,Wed Dec 08 2021 19:41:38 GMT+0800 (中国标准时间)
岚千砂都,14,10,'2.92,Wed Dec 08 2021 19:47:37 GMT+0800 (中国标准时间)
唐可可,20,14,'1.92,Wed Dec 08 2021 19:48:27 GMT+0800 (中国标准时间)
叶月恋,14,10,'1.44,Wed Dec 08 2021 21:04:20 GMT+0800 (GMT+08:00)
ELMA,14,10,'2.64,Wed Dec 08 2021 21:06:36 GMT+0800 (GMT+08:00)
岚千砂都,14,10,'2.37,Wed Dec 08 2021 21:07:23 GMT+0800 (GMT+08:00)
RRR,14,10,'1.22,Wed Dec 08 2021 21:08:08 GMT+0800 (GMT+08:00)
ELMA,20,20,'3.98,Wed Dec 08 2021 21:13:32 GMT+0800 (GMT+08:00)
叶月恋,20,20,'6.63,Wed Dec 08 2021 21:15:21 GMT+0800 (GMT+08:00)
平安名堇,14,10,'2.02,Wed Dec 08 2021 21:16:12 GMT+0800 (中国标准时间)
平安名堇,20,14,'2.43,Wed Dec 08 2021 21:18:12 GMT+0800 (中国标准时间)
岚千砂都,20,14,'1.87,Wed Dec 08 2021 21:18:18 GMT+0800 (中国标准时间)
平安名堇,20,14,'0.78,Wed Dec 08 2021 21:18:22 GMT+0800 (中国标准时间)
岚千砂都,20,14,'1.71,Wed Dec 08 2021 21:18:32 GMT+0800 (中国标准时间)
叶月恋,20,14,'0.88,Wed Dec 08 2021 21:18:36 GMT+0800 (中国标准时间)
唐可可,20,14,'1.75,Wed Dec 08 2021 21:18:40 GMT+0800 (中国标准时间)
岚千砂都,14,10,'1.71,Wed Dec 08 2021 21:18:46 GMT+0800 (中国标准时间)
涩谷香音,14,10,'0.93,Wed Dec 08 2021 21:18:50 GMT+0800 (中国标准时间)
岚千砂都,14,10,'0.80,Wed Dec 08 2021 21:18:54 GMT+0800 (中国标准时间)
涩谷香音,14,10,'0.86,Wed Dec 08 2021 21:19:00 GMT+0800 (中国标准时间)
唐可可,14,10,'0.72,Wed Dec 08 2021 21:19:03 GMT+0800 (中国标准时间)
岚千砂都,14,10,'2.27,Wed Dec 08 2021 21:19:28 GMT+0800 (中国标准时间)
平安名堇,14,10,'2.64,Wed Dec 08 2021 21:19:55 GMT+0800 (中国标准时间)
岚千砂都,14,10,'2.05,Wed Dec 08 2021 21:20:23 GMT+0800 (中国标准时间)
1,14,10,'1.18,Wed Dec 08 2021 21:21:18 GMT+0800 (中国标准时间)
叶月恋,14,10,'0.95,Wed Dec 08 2021 21:21:34 GMT+0800 (中国标准时间)
岚千砂都,14,10,'1.46,Wed Dec 08 2021 21:21:43 GMT+0800 (中国标准时间)
涩谷香音,14,10,'1.25,Wed Dec 08 2021 21:37:08 GMT+0800 (中国标准时间)
叶月恋,14,10,'2.13,Wed Dec 08 2021 21:37:22 GMT+0800 (中国标准时间)
涩谷香音,14,10,'1.36,Wed Dec 08 2021 21:38:06 GMT+0800 (中国标准时间)
丁丁炒面,14,10,'2.64,Wed Dec 08 2021 21:38:08 GMT+0800 (中国标准时间)
叶月恋,20,14,'1.25,Wed Dec 08 2021 21:39:16 GMT+0800 (中国标准时间)
十一,20,14,'3.36,Wed Dec 08 2021 21:40:11 GMT+0800 (CST)
叶衣,14,10,'2.84,Wed Dec 08 2021 21:49:49 GMT+0800 (中国标准时间)
叶衣,14,10,'2.94,Wed Dec 08 2021 21:50:52 GMT+0800 (中国标准时间)
叶衣,14,10,'0.73,Wed Dec 08 2021 21:51:30 GMT+0800 (中国标准时间)
叶衣,20,14,'1.71,Wed Dec 08 2021 21:51:41 GMT+0800 (中国标准时间)
叶月恋,14,10,'2.94,Wed Dec 08 2021 21:51:48 GMT+0800 (CST)
叶月恋,20,14,'1.61,Wed Dec 08 2021 21:51:55 GMT+0800 (中国标准时间)
唐可可,14,10,'2.24,Wed Dec 08 2021 21:53:44 GMT+0800 (中国标准时间)
叶月恋,14,10,'2.00,Wed Dec 08 2021 22:28:21 GMT+0800 (中国标准时间)
ppppppaer,14,10,'2.90,Wed Dec 08 2021 22:41:19 GMT+0800 (中国标准时间)
叶月恋,14,10,'1.77,Wed Dec 08 2021 23:02:37 GMT+0800 (中国标准时间)
岚千砂都,14,10,'0.17,Wed Dec 08 2021 23:03:14 GMT+0800 (中国标准时间)
叶月恋,14,10,'1.92,Wed Dec 08 2021 23:04:09 GMT+0800 (中国标准时间)
唐可可,14,10,'2.25,Wed Dec 08 2021 23:04:36 GMT+0800 (中国标准时间)
涩谷香音,14,10,'1.75,Wed Dec 08 2021 23:05:22 GMT+0800 (中国标准时间)
涩谷香音,14,10,'2.10,Wed Dec 08 2021 23:24:07 GMT+0800 (中国标准时间)
岚千砂都,20,14,'1.37,Wed Dec 08 2021 23:57:04 GMT+0800 (中国标准时间)
唐可可,20,14,'0.89,Thu Dec 09 2021 00:05:27 GMT+0800 (中国标准时间)
唐可可,14,10,'2.37,Thu Dec 09 2021 00:41:15 GMT+0800 (中国标准时间)
大傻逼,14,10,'1.61,Thu Dec 09 2021 00:54:41 GMT+0800 (China Standard Time)
唐可可,20,14,'4.30,Thu Dec 09 2021 00:56:09 GMT+0800 (中国标准时间)
鸡掰,20,14,'0.92,Thu Dec 09 2021 01:27:26 GMT+0800 (中国标准时间)
唐可可,14,10,'1.81,Thu Dec 09 2021 01:35:17 GMT+0800 (中国标准时间)
岚千砂都,14,10,'1.43,Thu Dec 09 2021 02:58:06 GMT+0800 (中国标准时间)
唐可可,14,10,'2.93,Thu Dec 09 2021 02:58:54 GMT+0800 (中国标准时间)
唐可可,14,10,'1.98,Thu Dec 09 2021 03:06:08 GMT+0800 (中国标准时间)
叶月恋,20,14,'5.16,Thu Dec 09 2021 03:07:22 GMT+0800 (中国标准时间)
挽茶,20,14,'1.52,Thu Dec 09 2021 03:08:11 GMT+0800 (中国标准时间)
唐可可,14,10,'1.99,Thu Dec 09 2021 03:50:53 GMT+0800 (中国标准时间)
唐可可,14,10,'1.11,Thu Dec 09 2021 03:51:05 GMT+0800 (中国标准时间)
白小舒,14,10,'1.69,Thu Dec 09 2021 08:07:10 GMT+0800 (中国标准时间)
唐可可,14,10,'1.65,Thu Dec 09 2021 09:22:16 GMT+0800 (中国标准时间)
叶月恋,14,10,'2.39,Thu Dec 09 2021 09:22:48 GMT+0800 (中国标准时间)
叶月恋,14,10,'1.06,Thu Dec 09 2021 09:22:53 GMT+0800 (中国标准时间)
涩谷香音,14,10,'1.07,Thu Dec 09 2021 09:22:59 GMT+0800 (中国标准时间)
唐可可,14,10,'0.75,Thu Dec 09 2021 09:23:05 GMT+0800 (中国标准时间)
岚千砂都,14,10,'0.77,Thu Dec 09 2021 09:23:11 GMT+0800 (中国标准时间)
唐可可,14,10,'0.96,Thu Dec 09 2021 09:23:15 GMT+0800 (中国标准时间)
平安名堇,14,10,'0.65,Thu Dec 09 2021 09:23:19 GMT+0800 (中国标准时间)
涩谷香音,20,14,'3.90,Thu Dec 09 2021 09:48:27 GMT+0800 (中国标准时间)
赤井绵绵,14,10,'2.62,Thu Dec 09 2021 10:32:22 GMT+0800 (中国标准时间)
薛克,20,14,'5.31,Thu Dec 09 2021 10:39:24 GMT+0800 (CST)
薛克,14,10,'2.30,Thu Dec 09 2021 10:44:45 GMT+0800 (CST)
薛克,14,10,'1.67,Thu Dec 09 2021 10:45:39 GMT+0800 (CST)
薛克,14,10,'1.19,Thu Dec 09 2021 10:46:05 GMT+0800 (CST)
唐可可,14,10,'1.86,Thu Dec 09 2021 11:17:40 GMT+0800 (中国标准时间)
涩谷香音,14,10,'2.06,Thu Dec 09 2021 11:19:00 GMT+0800 (中国标准时间)
魔法少女湾子,14,10,'1.26,Thu Dec 09 2021 11:58:59 GMT+0800 (中国标准时间)
MiR,20,14,'3.83,Thu Dec 09 2021 11:59:20 GMT+0800 (中国标准时间)
叶月恋,14,10,'2.47,Thu Dec 09 2021 12:16:02 GMT+0800 (中国标准时间)
唐可可,14,10,'1.39,Thu Dec 09 2021 12:28:39 GMT+0800 (中国标准时间)
平安名堇,14,10,'1.78,Thu Dec 09 2021 13:40:37 GMT+0800 (中国标准时间)
唐可可,14,10,'1.53,Thu Dec 09 2021 13:40:40 GMT+0800 (中国标准时间)
叶月恋,14,10,'1.61,Thu Dec 09 2021 13:41:43 GMT+0800 (中国标准时间)
叶月恋,14,10,'2.85,Thu Dec 09 2021 13:42:10 GMT+0800 (中国标准时间)
靠靠,14,10,'1.22,Thu Dec 09 2021 14:22:02 GMT+0800 (CST)
唐可可,20,20,'1.36,Thu Dec 09 2021 14:22:49 GMT+0800 (CST)
叶月恋,14,10,'2.87,Thu Dec 09 2021 15:00:06 GMT+0800 (中国标准时间)
涩谷香音,14,10,'1.62,Thu Dec 09 2021 15:03:24 GMT+0800 (China Standard Time)
啦啦啦,14,10,'1.31,Thu Dec 09 2021 15:03:33 GMT+0800 (China Standard Time)
唐可可,14,10,'1.07,Thu Dec 09 2021 15:03:48 GMT+0800 (China Standard Time)
粥粥,14,10,'1.42,Thu Dec 09 2021 15:14:32 GMT+0800 (HKT)
平安名堇,14,10,'1.63,Thu Dec 09 2021 15:38:36 GMT+0800 (CST)
岚千砂都,20,14,'1.44,Thu Dec 09 2021 15:38:52 GMT+0800 (CST)
岚千砂都,14,10,'2.70,Thu Dec 09 2021 15:41:25 GMT+0800 (中国标准时间)
叶月恋,14,10,'2.23,Thu Dec 09 2021 15:43:03 GMT+0800 (香港标准时间)
岚千砂都,14,10,'2.60,Thu Dec 09 2021 15:43:14 GMT+0800 (香港标准时间)
涩谷香音,14,10,'1.18,Thu Dec 09 2021 15:47:28 GMT+0800 (中国标准时间)
唐可可,14,10,'1.44,Thu Dec 09 2021 15:48:29 GMT+0800 (中国标准时间)
平安名堇,14,10,'1.41,Thu Dec 09 2021 15:48:50 GMT+0800 (中国标准时间)
岚千砂都,14,10,'1.79,Thu Dec 09 2021 15:51:58 GMT+0800 (China Standard Time)
唐可可,14,10,'1.73,Thu Dec 09 2021 15:52:12 GMT+0800 (China Standard Time)
臭豆腐,20,14,'0.82,Thu Dec 09 2021 15:53:32 GMT+0800 (中国标准时间)
臭豆腐,14,10,'0.77,Thu Dec 09 2021 16:02:31 GMT+0800 (中国标准时间)
涩谷香音,14,10,'1.18,Thu Dec 09 2021 16:03:30 GMT+0800 (中国标准时间)
平安名堇,14,10,'2.51,Thu Dec 09 2021 16:04:12 GMT+0800 (中国标准时间)
阿白白白,14,10,'1.16,Thu Dec 09 2021 16:04:21 GMT+0800 (中国标准时间)
圣泽悠奈,14,10,'1.92,Thu Dec 09 2021 16:05:43 GMT+0800 (中国标准时间)
澳ρ,14,10,'2.01,Thu Dec 09 2021 16:07:18 GMT+0800 (中国标准时间)
臭豆腐,14,10,'0.42,Thu Dec 09 2021 16:08:19 GMT+0800 (中国标准时间)
可乐,14,10,'2.42,Thu Dec 09 2021 16:14:20 GMT+0800 (中国标准时间)
叶月恋,14,10,'2.58,Thu Dec 09 2021 16:14:49 GMT+0800 (中国标准时间)
涩谷香音,14,10,'1.34,Thu Dec 09 2021 16:22:32 GMT+0800 (中国标准时间)
plazum,14,10,'3.00,Thu Dec 09 2021 16:33:56 GMT+0800 (中国标准时间)
毛坨坨,20,14,'2.04,Thu Dec 09 2021 16:45:03 GMT+0800 (CST)
圣泽悠奈,40,40,'26.05,Thu Dec 09 2021 16:59:35 GMT+0800 (中国标准时间)
叶月恋,15,15,'1.11,Thu Dec 09 2021 17:03:26 GMT+0800 (中国标准时间)
涩谷香音,14,10,'1.26,Thu Dec 09 2021 17:04:07 GMT+0800 (中国标准时间)
叶月恋,20,14,'3.52,Thu Dec 09 2021 17:04:16 GMT+0800 (中国标准时间)
唐可可,20,20,'3.15,Thu Dec 09 2021 17:04:36 GMT+0800 (中国标准时间)
涩谷香音,20,20,'1.08,Thu Dec 09 2021 17:04:41 GMT+0800 (中国标准时间)
澳ρ,40,40,'10.75,Thu Dec 09 2021 17:06:19 GMT+0800 (中国标准时间)
叶月恋,14,10,'2.28,Thu Dec 09 2021 17:07:18 GMT+0800 (中国标准时间)
平安名堇,20,20,'7.38,Thu Dec 09 2021 17:07:50 GMT+0800 (中国标准时间)
岚千砂都,20,14,'3.35,Thu Dec 09 2021 17:23:41 GMT+0800 (中国标准时间)
plazum,20,20,'1.91,Thu Dec 09 2021 17:34:32 GMT+0800 (中国标准时间)
唐可可,14,10,'1.97,Thu Dec 09 2021 17:35:38 GMT+0800 (中国标准时间)
叶月恋,20,14,'3.81,Thu Dec 09 2021 17:50:58 GMT+0800 (CST)
叶月恋,14,10,'2.29,Thu Dec 09 2021 17:50:57 GMT+0800 (中国标准时间)
岚千砂都,14,10,'2.60,Thu Dec 09 2021 17:51:35 GMT+0800 (CST)
涩谷香音,14,10,'0.93,Thu Dec 09 2021 17:51:52 GMT+0800 (CST)
唐可可,14,10,'2.17,Thu Dec 09 2021 18:12:23 GMT+0800 (中国标准时间)
涩谷香音,14,10,'2.85,Thu Dec 09 2021 18:14:58 GMT+0800 (中国标准时间)
文静,20,14,'2.54,Thu Dec 09 2021 18:19:55 GMT+0800 (中国标准时间)
平安名堇,14,10,'1.47,Thu Dec 09 2021 18:30:48 GMT+0800 (中国标准时间)
涩谷香音,14,10,'2.14,Thu Dec 09 2021 18:31:16 GMT+0800 (中国标准时间)
南ことり,40,40,'5.45,Thu Dec 09 2021 18:34:58 GMT+0800 (中国标准时间)
中かすみ,40,40,'1.60,Thu Dec 09 2021 18:36:31 GMT+0800 (中国标准时间)
平安名堇,14,10,'2.29,Thu Dec 09 2021 18:42:52 GMT+0800 (中国标准时间)
澳ρ,14,10,'1.67,Thu Dec 09 2021 18:44:05 GMT+0800 (中国标准时间)
崔,14,10,'1.53,Thu Dec 09 2021 18:43:52 GMT+0800 (中国标准时间)
圣泽悠奈,14,10,'1.37,Thu Dec 09 2021 18:44:27 GMT+0800 (中国标准时间)
崔,14,10,'1.10,Thu Dec 09 2021 18:44:23 GMT+0800 (中国标准时间)
崔,14,10,'1.01,Thu Dec 09 2021 18:44:52 GMT+0800 (中国标准时间)
崔,20,14,'4.12,Thu Dec 09 2021 18:45:11 GMT+0800 (中国标准时间)
崔,20,14,'3.79,Thu Dec 09 2021 18:45:24 GMT+0800 (中国标准时间)
松原花音,40,40,'2.72,Thu Dec 09 2021 18:50:40 GMT+0800 (中国标准时间)
卓一,14,10,'1.88,Thu Dec 09 2021 18:52:11 GMT+0800 (中国标准时间)
岚千砂都,14,10,'2.60,Thu Dec 09 2021 19:02:58 GMT+0800 (中国标准时间)
丸山彩,14,14,'2.56,Thu Dec 09 2021 19:03:48 GMT+0800 (中国标准时间)
白鹭千圣,14,20,'3.18,Thu Dec 09 2021 19:07:55 GMT+0800 (中国标准时间)
户山香澄,80,80,'5.14,Thu Dec 09 2021 19:10:25 GMT+0800 (中国标准时间)
上海女同,36,36,'5.72,Thu Dec 09 2021 19:15:04 GMT+0800 (中国标准时间)
小羽,14,10,'1.96,Thu Dec 09 2021 19:21:30 GMT+0800 (中国标准时间)
小羽,14,14,'0.57,Thu Dec 09 2021 19:23:46 GMT+0800 (中国标准时间)
小羽,14,14,'0.55,Thu Dec 09 2021 19:25:40 GMT+0800 (中国标准时间)
柠萌,14,10,'2.19,Thu Dec 09 2021 20:01:54 GMT+0800 (中国标准时间)
岚千砂都,20,14,'4.29,Thu Dec 09 2021 20:03:26 GMT+0800 (中国标准时间)
平安名堇,20,14,'5.60,Thu Dec 09 2021 20:03:39 GMT+0800 (中国标准时间)
~你爹~,14,10,'2.99,Thu Dec 09 2021 20:40:44 GMT+0800 (CST)
~你野爹~,14,10,'2.25,Thu Dec 09 2021 20:42:21 GMT+0800 (CST)
~你爷~,14,10,'1.65,Thu Dec 09 2021 20:42:40 GMT+0800 (CST)
岚千砂都,14,10,'2.96,Thu Dec 09 2021 20:43:22 GMT+0800 (中国标准时间)
~你野爸爸~,14,10,'2.37,Thu Dec 09 2021 20:43:35 GMT+0800 (CST)
~你爷爷的爷爷~,14,10,'2.00,Thu Dec 09 2021 20:43:52 GMT+0800 (CST)
~你爸爸的爸爸的爸爸~,14,10,'2.56,Thu Dec 09 2021 20:44:25 GMT+0800 (CST)
~你爷爷的爷爷~,14,10,'2.10,Thu Dec 09 2021 20:46:10 GMT+0800 (CST)
So many pupils above,14,10,'1.65,Thu Dec 09 2021 20:52:50 GMT+0800 (中国标准时间)
全斗焕,14,14,'3.20,Thu Dec 09 2021 20:58:36 GMT+0800 (中国标准时间)
下北泽育美,14,14,'1.70,Thu Dec 09 2021 21:01:31 GMT+0800 (中国标准时间)
chaosssssssssss,14,10,'2.61,Thu Dec 09 2021 21:31:26 GMT+0800 (CST)
圣泽悠奈,14,10,'1.57,Thu Dec 09 2021 21:51:43 GMT+0800 (中国标准时间)
Raine,14,10,'1.64,Thu Dec 09 2021 22:27:17 GMT+0800 (中国标准时间)
Raine的小号,20,14,'2.87,Thu Dec 09 2021 22:34:18 GMT+0800 (中国标准时间)
Raine今天吃什么,14,10,'1.39,Thu Dec 09 2021 22:40:05 GMT+0800 (中国标准时间)
平安名堇,14,10,'2.04,Thu Dec 09 2021 22:53:19 GMT+0800 (CST)
叶月恋,14,10,'2.01,Thu Dec 09 2021 22:54:14 GMT+0800 (CST)
唐可可,14,10,'2.39,Thu Dec 09 2021 22:54:37 GMT+0800 (CST)
涩谷香音,14,10,'2.68,Thu Dec 09 2021 22:55:13 GMT+0800 (CST)
叶月恋,14,10,'2.13,Thu Dec 09 2021 23:01:21 GMT+0800 (China Standard Time)
涩谷香音,20,20,'1.16,Thu Dec 09 2021 23:09:55 GMT+0800 (CST)
Morningstar,100,100,'11.66,Thu Dec 09 2021 23:19:21 GMT+0800 (中国标准时间)
Morningstar,1000,1000,'281.41,Thu Dec 09 2021 23:34:31 GMT+0800 (中国标准时间)
圣泽悠奈,14,10,'1.61,Fri Dec 10 2021 00:30:59 GMT+0800 (中国标准时间)
岚千砂都,14,10,'1.01,Fri Dec 10 2021 00:31:10 GMT+0800 (中国标准时间)
圣泽悠奈,14,10,'1.21,Fri Dec 10 2021 00:31:49 GMT+0800 (中国标准时间)
Morningstar,1000,1000,'55.33,Fri Dec 10 2021 04:59:53 GMT+0800 (中国标准时间)
YueSha,14,10,'2.40,Thu Dec 09 2021 16:58:25 GMT-0800 (Pacific Standard Time)
叹,20,14,'5.56,Fri Dec 10 2021 09:27:33 GMT+0800 (中国标准时间)
圣泽悠奈,14,10,'2.27,Fri Dec 10 2021 09:32:52 GMT+0800 (中国标准时间)
叶月恋,14,10,'1.88,Fri Dec 10 2021 11:57:30 GMT+0800 (中国标准时间)
平安名堇,14,10,'1.85,Fri Dec 10 2021 11:58:45 GMT+0800 (中国标准时间)
康康,14,10,'2.81,Fri Dec 10 2021 12:08:46 GMT+0800 (CST)
圣泽悠奈,14,10,'1.98,Fri Dec 10 2021 12:09:03 GMT+0800 (CST)
叶月恋,14,10,'2.28,Fri Dec 10 2021 12:09:12 GMT+0800 (CST)
岚千砂都,14,10,'2.46,Fri Dec 10 2021 12:09:19 GMT+0800 (CST)
唐可可,14,14,'1.71,Fri Dec 10 2021 12:11:05 GMT+0800 (CST)
唐可可哒,14,10,'1.26,Fri Dec 10 2021 12:15:42 GMT+0800 (中国标准时间)
毛子,14,10,'2.45,Fri Dec 10 2021 12:17:12 GMT+0800 (中国标准时间)
毛子,14,10,'1.55,Fri Dec 10 2021 12:17:56 GMT+0800 (中国标准时间)
全都拿下,20,14,'3.61,Fri Dec 10 2021 12:18:22 GMT+0800 (中国标准时间)
test,14,10,'2.99,Fri Dec 10 2021 12:19:06 GMT+0800 (CST)
吼吼吼吼吼,20,14,'1.28,Fri Dec 10 2021 12:19:17 GMT+0800 (中国标准时间)
唐可可,14,10,'1.13,Fri Dec 10 2021 12:35:21 GMT+0800 (中国标准时间)
唐可可,14,10,'1.94,Fri Dec 10 2021 13:51:57 GMT+0800 (中国标准时间)
平安名堇,14,10,'2.62,Fri Dec 10 2021 13:56:48 GMT+0800 (中国标准时间)
澳ρ,14,10,'1.34,Fri Dec 10 2021 13:57:11 GMT+0800 (中国标准时间)
澳ρ,20,14,'1.67,Fri Dec 10 2021 13:57:55 GMT+0800 (中国标准时间)
哇哇哇,14,10,'2.45,Fri Dec 10 2021 14:05:45 GMT+0800 (中国标准时间)
哇哇哇,14,10,'2.45,Fri Dec 10 2021 14:05:45 GMT+0800 (中国标准时间)
Yunshan,14,10,'2.50,Fri Dec 10 2021 15:58:24 GMT+0800 (中国标准时间)
Yunshan,20,14,'4.58,Fri Dec 10 2021 15:58:48 GMT+0800 (中国标准时间)
Yunshan,14,10,'2.03,Fri Dec 10 2021 16:00:52 GMT+0800 (中国标准时间)
Yunshan,20,14,'2.69,Fri Dec 10 2021 16:02:52 GMT+0800 (中国标准时间)
Yunshan,14,14,'1.91,Fri Dec 10 2021 16:05:34 GMT+0800 (中国标准时间)
小七,14,10,'1.23,Fri Dec 10 2021 16:08:53 GMT+0800 (中国标准时间)
平安名堇,14,10,'2.50,Fri Dec 10 2021 16:23:05 GMT+0800 (中国标准时间)
平安名堇,14,10,'1.46,Fri Dec 10 2021 16:24:04 GMT+0800 (中国标准时间)
圣泽悠奈,14,10,'2.66,Fri Dec 10 2021 16:26:40 GMT+0800 (China Standard Time)
唐可可,14,10,'1.84,Fri Dec 10 2021 16:50:36 GMT+0800 (中国标准时间)
涩谷香音,14,10,'1.58,Fri Dec 10 2021 16:50:55 GMT+0800 (中国标准时间)
小初,14,10,'2.90,Fri Dec 10 2021 17:20:53 GMT+0800 (中国标准时间)
maki,20,20,'1.81,Fri Dec 10 2021 17:21:42 GMT+0800 (中国标准时间)
o心,14,10,'1.48,Fri Dec 10 2021 17:26:21 GMT+0800 (CST)
涩谷香音,14,10,'1.96,Fri Dec 10 2021 17:29:10 GMT+0800 (中国标准时间)
圣泽悠奈,14,10,'1.45,Fri Dec 10 2021 17:36:25 GMT+0800 (中国标准时间)
叶月恋,14,10,'2.15,Fri Dec 10 2021 17:38:06 GMT+0800 (中国标准时间)
三上悠亚,14,10,'1.20,Fri Dec 10 2021 17:39:19 GMT+0800 (中国标准时间)
澳ρ,14,10,'2.59,Fri Dec 10 2021 18:50:16 GMT+0900 (JST)
叶月恋,14,10,'2.00,Fri Dec 10 2021 18:07:50 GMT+0800 (中国标准时间)
唐可可,14,10,'1.76,Fri Dec 10 2021 18:38:24 GMT+0800 (中国标准时间)
叶月恋,14,10,'1.41,Fri Dec 10 2021 18:39:42 GMT+0800 (中国标准时间)
平安名堇,20,14,'1.69,Fri Dec 10 2021 18:40:21 GMT+0800 (中国标准时间)
路上看见,111,20,'19.64,Fri Dec 10 2021 18:49:13 GMT+0800 (中国标准时间)
李田所,20,14,'1.29,Fri Dec 10 2021 18:53:59 GMT+0800 (中国标准时间)
叶月恋,14,10,'1.61,Fri Dec 10 2021 19:00:02 GMT+0800 (中国标准时间)
涩谷香音,14,10,'1.16,Fri Dec 10 2021 19:00:09 GMT+0800 (中国标准时间)
路过的奥特曼,14,10,'1.25,Fri Dec 10 2021 19:06:49 GMT+0800 (中国标准时间)
圣泽悠奈,14,10,'2.18,Fri Dec 10 2021 19:09:17 GMT+0800 (中国标准时间)
涩谷香音,14,10,'0.65,Fri Dec 10 2021 19:12:12 GMT+0800 (中国标准时间)
涩谷香音,14,10,'2.16,Fri Dec 10 2021 19:19:01 GMT+0800 (中国标准时间)
我是傻逼,14,10,'2.16,Fri Dec 10 2021 19:19:57 GMT+0800 (中国标准时间)
我是傻逼,14,10,'1.62,Fri Dec 10 2021 19:20:23 GMT+0800 (中国标准时间)
我是傻逼,14,10,'2.53,Fri Dec 10 2021 19:21:10 GMT+0800 (中国标准时间)
圣泽悠奈,14,10,'1.24,Fri Dec 10 2021 19:33:21 GMT+0800 (中国标准时间)
唐可可,20,14,'1.29,Fri Dec 10 2021 19:33:31 GMT+0800 (中国标准时间)
月,14,10,'2.41,Fri Dec 10 2021 19:43:00 GMT+0800 (中国标准时间)
勇泥子,14,10,'1.90,Fri Dec 10 2021 20:02:14 GMT+0800 (中国标准时间)
岚千砂都,14,10,'1.98,Fri Dec 10 2021 20:03:11 GMT+0800 (中国标准时间)
涩谷香音,14,10,'1.58,Fri Dec 10 2021 20:03:12 GMT+0800 (中国标准时间)
平安名堇,20,14,'4.07,Fri Dec 10 2021 20:03:23 GMT+0800 (中国标准时间)
平安名堇,20,14,'4.67,Fri Dec 10 2021 20:14:22 GMT+0800 (中国标准时间)
唐可可,20,14,'4.15,Fri Dec 10 2021 20:14:44 GMT+0800 (中国标准时间)
圣泽悠奈,20,14,'3.89,Fri Dec 10 2021 20:14:52 GMT+0800 (中国标准时间)
澳ρ,14,10,'2.57,Fri Dec 10 2021 20:17:43 GMT+0800 (中国标准时间)
圣泽悠奈,14,10,'1.04,Fri Dec 10 2021 20:58:15 GMT+0800 (中国标准时间)
澳ρ,14,10,'2.02,Fri Dec 10 2021 20:58:52 GMT+0800 (中国标准时间)
澳ρ,14,10,'1.16,Fri Dec 10 2021 22:30:42 GMT+0800 (中国标准时间)
叶月恋,14,10,'1.65,Fri Dec 10 2021 22:31:25 GMT+0800 (中国标准时间)
。。,14,10,'1.44,Fri Dec 10 2021 22:46:56 GMT+0800 (中国标准时间)
平安名堇,14,10,'2.59,Fri Dec 10 2021 22:51:27 GMT+0800 (中国标准时间)
涩谷香音,14,10,'1.96,Fri Dec 10 2021 22:51:45 GMT+0800 (China Standard Time)
岚千砂都,20,14,'4.84,Fri Dec 10 2021 22:52:59 GMT+0800 (China Standard Time)
圣泽悠奈,14,10,'2.73,Fri Dec 10 2021 22:53:13 GMT+0800 (China Standard Time)
唐可可,14,14,'1.99,Fri Dec 10 2021 22:53:20 GMT+0800 (China Standard Time)
涩谷香音,14,10,'1.15,Fri Dec 10 2021 23:29:55 GMT+0800 (中国标准时间)
圣泽悠奈,14,10,'2.56,Fri Dec 10 2021 23:30:05 GMT+0800 (中国标准时间)
惊叹,14,10,'1.60,Fri Dec 10 2021 23:41:09 GMT+0800 (中国标准时间)
唐可可,14,10,'2.26,Fri Dec 10 2021 23:46:32 GMT+0800 (中国标准时间)
涩谷香音,14,10,'1.57,Fri Dec 10 2021 23:47:36 GMT+0800 (中国标准时间)
utoufu,14,10,'1.78,Sat Dec 11 2021 00:13:14 GMT+0800 (China Standard Time)
utoufu2,14,10,'1.70,Sat Dec 11 2021 00:13:46 GMT+0800 (China Standard Time)
结丘女高轻音部,20,30,'11.19,Sat Dec 11 2021 00:14:00 GMT+0800 (中国标准时间)
结丘女高轻音部,20,30,'6.65,Sat Dec 11 2021 00:17:59 GMT+0800 (中国标准时间)
结丘女高轻音部,20,30,'3.19,Sat Dec 11 2021 00:21:28 GMT+0800 (中国标准时间)
涩谷香音,14,10,'2.09,Sat Dec 11 2021 00:25:36 GMT+0800 (中国标准时间)
zed,14,10,'1.70,Sat Dec 11 2021 00:26:35 GMT+0800 (中国标准时间)
叶月恋,14,10,'2.24,Sat Dec 11 2021 00:29:06 GMT+0800 (中国标准时间)
唐可可,14,10,'1.44,Sat Dec 11 2021 00:29:19 GMT+0800 (中国标准时间)
叶月恋,20,14,'3.60,Sat Dec 11 2021 00:40:03 GMT+0800 (中国标准时间)
涩谷香音,20,14,'2.30,Sat Dec 11 2021 01:21:54 GMT+0800 (中国标准时间)
唐可可,20,14,'2.10,Sat Dec 11 2021 01:22:04 GMT+0800 (中国标准时间)
圣泽悠奈,20,14,'1.00,Sat Dec 11 2021 01:22:15 GMT+0800 (中国标准时间)
平安名堇,14,10,'1.98,Sat Dec 11 2021 01:33:11 GMT+0800 (中国标准时间)
叶月恋,20,14,'2.82,Sat Dec 11 2021 01:34:48 GMT+0800 (中国标准时间)
TML104,20,14,'5.67,Sat Dec 11 2021 02:30:52 GMT+0800 (中国标准时间)
中华人民,14,10,'1.28,Sat Dec 11 2021 02:48:42 GMT+0800 (中国标准时间)
中华人民,14,14,'3.67,Sat Dec 11 2021 02:51:27 GMT+0800 (中国标准时间)
OK,20,14,'1.90,Sat Dec 11 2021 02:54:36 GMT+0800 (中国标准时间)
OK,14,10,'1.59,Sat Dec 11 2021 02:55:11 GMT+0800 (中国标准时间)
涩谷香音,14,10,'2.84,Sat Dec 11 2021 03:35:15 GMT+0800 (中国标准时间)
平安名堇,14,10,'1.30,Sat Dec 11 2021 03:36:21 GMT+0800 (中国标准时间)
叶月恋,14,10,'1.16,Sat Dec 11 2021 03:35:51 GMT+0800 (中国标准时间)
唐可可,14,10,'1.75,Sat Dec 11 2021 07:50:08 GMT+0800 (中国标准时间)
唐可可,14,10,'2.15,Sat Dec 11 2021 08:41:18 GMT+0800 (CST)
澳ρ,14,10,'1.45,Sat Dec 11 2021 08:41:47 GMT+0800 (CST)
唐可可,14,10,'1.48,Sat Dec 11 2021 09:00:47 GMT+0800 (CST)
岚千砂都,20,20,'7.23,Sat Dec 11 2021 09:17:28 GMT+0800 (中国标准时间)
叶月恋,14,10,'2.15,Sat Dec 11 2021 09:17:52 GMT+0800 (GMT+08:00)
岚千砂都,14,10,'1.83,Sat Dec 11 2021 09:18:55 GMT+0800 (GMT+08:00)
涩谷香音,20,20,'5.74,Sat Dec 11 2021 09:19:29 GMT+0800 (中国标准时间)
平安名堇,20,20,'2.30,Sat Dec 11 2021 09:19:51 GMT+0800 (中国标准时间)
平安名堇,14,10,'1.84,Sat Dec 11 2021 09:20:01 GMT+0800 (中国标准时间)
澳ρ,14,10,'1.41,Sat Dec 11 2021 09:20:42 GMT+0800 (中国标准时间)
圣泽悠奈,14,10,'1.47,Sat Dec 11 2021 09:20:55 GMT+0800 (中国标准时间)
圣泽悠奈,14,10,'0.63,Sat Dec 11 2021 09:21:01 GMT+0800 (中国标准时间)
平安名堇,14,10,'0.80,Sat Dec 11 2021 09:21:07 GMT+0800 (中国标准时间)
岚千砂都,14,10,'0.78,Sat Dec 11 2021 09:21:17 GMT+0800 (中国标准时间)
澳ρ,14,10,'0.66,Sat Dec 11 2021 09:21:27 GMT+0800 (中国标准时间)
平安名堇,20,14,'3.28,Sat Dec 11 2021 10:21:33 GMT+0800 (中国标准时间)
叶月恋,20,14,'3.60,Sat Dec 11 2021 10:21:50 GMT+0800 (中国标准时间)
平安名堇,14,10,'2.46,Sat Dec 11 2021 11:01:40 GMT+0800 (CST)
我爱吃屎,14,14,'1.58,Sat Dec 11 2021 11:03:27 GMT+0800 (中国标准时间)
平安名堇,14,10,'2.73,Sat Dec 11 2021 12:00:32 GMT+0800 (CST)
岚千砂都,20,20,'2.16,Sat Dec 11 2021 12:00:54 GMT+0800 (CST)
唐可可,20,20,'2.12,Sat Dec 11 2021 12:01:23 GMT+0800 (CST)
涩谷香音,14,10,'2.40,Sat Dec 11 2021 12:16:25 GMT+0800 (CST)
叶月恋,14,10,'2.78,Sat Dec 11 2021 12:18:36 GMT+0800 (China Standard Time)
A G阿季,20,14,'1.66,Sat Dec 11 2021 12:21:17 GMT+0800 (CST)
Berg,20,20,'4.92,Sat Dec 11 2021 12:40:14 GMT+0800 (中国标准时间)
叶月恋,14,10,'2.53,Sat Dec 11 2021 13:04:11 GMT+0800 (中国标准时间)
平安名堇,14,10,'1.83,Sat Dec 11 2021 13:04:24 GMT+0800 (中国标准时间)
澳ρ,14,10,'1.23,Sat Dec 11 2021 13:04:45 GMT+0800 (中国标准时间)
叶月恋,14,10,'1.07,Sat Dec 11 2021 13:31:55 GMT+0800 (中国标准时间)
岚千砂都,14,10,'2.38,Sat Dec 11 2021 13:32:09 GMT+0800 (中国标准时间)
开飞猪的舒克,20,14,'2.84,Sat Dec 11 2021 13:37:03 GMT+0800 (中国标准时间)
城户真司,20,14,'2.45,Sat Dec 11 2021 13:43:04 GMT+0800 (中国标准时间)
城户真司,14,10,'1.29,Sat Dec 11 2021 13:43:22 GMT+0800 (中国标准时间)
城户真司,14,10,'1.12,Sat Dec 11 2021 13:43:33 GMT+0800 (中国标准时间)
澳ρ,14,10,'2.33,Sat Dec 11 2021 13:45:29 GMT+0800 (中国标准时间)
唐可可,14,10,'2.43,Sat Dec 11 2021 13:45:44 GMT+0800 (中国标准时间)
澳ρ,14,10,'1.05,Sat Dec 11 2021 13:46:49 GMT+0800 (中国标准时间)
平安名堇,14,10,'2.47,Sat Dec 11 2021 13:50:39 GMT+0800 (中国标准时间)
岚千砂都,14,10,'1.23,Sat Dec 11 2021 13:51:12 GMT+0800 (中国标准时间)
唐可可,20,14,'1.90,Sat Dec 11 2021 13:52:22 GMT+0800 (中国标准时间)
Max Verstappen,14,10,'1.47,Sat Dec 11 2021 13:58:02 GMT+0800 (CST)
嘉然Diana,14,10,'1.51,Sat Dec 11 2021 14:00:35 GMT+0800 (CST)
画船听雨眠,20,14,'5.01,Sat Dec 11 2021 14:01:43 GMT+0800 (CST)
叶月恋,20,14,'3.19,Sat Dec 11 2021 14:02:32 GMT+0800 (中国标准时间)
岚千砂都,20,20,'5.21,Sat Dec 11 2021 14:04:11 GMT+0800 (CST)
涩谷香音,20,20,'4.15,Sat Dec 11 2021 14:04:28 GMT+0800 (CST)
叶月恋,20,20,'5.17,Sat Dec 11 2021 14:04:38 GMT+0800 (CST)
岚千砂都,20,14,'1.60,Sat Dec 11 2021 14:05:30 GMT+0800 (CST)
圣泽悠奈,14,10,'1.60,Sat Dec 11 2021 14:06:24 GMT+0800 (CST)
隐隐约约,40,40,'1.52,Sat Dec 11 2021 14:06:38 GMT+0800 (CST)
涩谷香音,40,40,'3.81,Sat Dec 11 2021 14:07:56 GMT+0800 (CST)
唐可可,40,40,'4.92,Sat Dec 11 2021 14:08:17 GMT+0800 (CST)
澳ρ,40,40,'1.22,Sat Dec 11 2021 14:08:39 GMT+0800 (CST)
叶月恋,14,10,'2.05,Sat Dec 11 2021 14:09:56 GMT+0800 (CST)
圣泽悠奈,14,10,'2.06,Sat Dec 11 2021 14:10:11 GMT+0800 (CST)
岚千砂都,14,10,'1.26,Sat Dec 11 2021 14:10:17 GMT+0800 (CST)
叶月恋,14,10,'1.54,Sat Dec 11 2021 14:10:23 GMT+0800 (CST)
Smiling Face with Open Mouth and Cold Sweat,20,14,'5.58,Sat Dec 11 2021 14:11:58 GMT+0800 (CST)
Chelsea,14,10,'1.00,Sat Dec 11 2021 14:14:13 GMT+0800 (中国标准时间)
高木正雄,14,10,'1.11,Sat Dec 11 2021 14:51:41 GMT+0800 (中国标准时间)
岚千砂都,14,10,'2.42,Sat Dec 11 2021 14:54:13 GMT+0800 (CST)
Martin464,20,14,'1.05,Sat Dec 11 2021 14:59:58 GMT+0800 (中国标准时间)
叶月恋,14,10,'2.36,Sat Dec 11 2021 15:02:26 GMT+0800 (中国标准时间)
澳ρ,14,10,'1.19,Sat Dec 11 2021 15:02:44 GMT+0800 (中国标准时间)
唐可可,14,10,'0.79,Sat Dec 11 2021 15:02:57 GMT+0800 (中国标准时间)
涩谷香音,14,10,'0.93,Sat Dec 11 2021 15:03:03 GMT+0800 (中国标准时间)
圣泽悠奈,14,10,'1.32,Sat Dec 11 2021 15:13:51 GMT+0800 (中国标准时间)
叶月恋,14,10,'1.39,Sat Dec 11 2021 15:14:35 GMT+0800 (中国标准时间)
叶月恋,14,10,'1.03,Sat Dec 11 2021 15:14:49 GMT+0800 (中国标准时间)
Kanon,14,10,'1.17,Sat Dec 11 2021 15:16:12 GMT+0800 (中国标准时间)
kukaa,14,10,'0.90,Sat Dec 11 2021 15:16:55 GMT+0800 (中国标准时间)
赵小花,14,10,'1.05,Sat Dec 11 2021 15:25:28 GMT+0800 (中国标准时间)
唐可可,14,10,'2.06,Sat Dec 11 2021 15:32:47 GMT+0800 (中国标准时间)
涩谷香音,14,10,'2.31,Sat Dec 11 2021 15:33:31 GMT+0800 (中国标准时间)
叶月恋,14,10,'2.76,Sat Dec 11 2021 16:24:45 GMT+0800 (北美中部标准时间)
圣泽悠奈,14,10,'1.90,Sat Dec 11 2021 16:25:02 GMT+0800 (北美中部标准时间)
涩谷香音,14,10,'1.63,Sat Dec 11 2021 16:25:23 GMT+0800 (北美中部标准时间)
涩谷香音,14,10,'1.34,Sat Dec 11 2021 16:25:34 GMT+0800 (北美中部标准时间)
唐可可,14,10,'1.84,Sat Dec 11 2021 16:25:49 GMT+0800 (北美中部标准时间)
平安名堇,14,10,'2.67,Sat Dec 11 2021 16:26:02 GMT+0800 (北美中部标准时间)
叶月恋,14,10,'2.31,Sat Dec 11 2021 16:26:21 GMT+0800 (北美中部标准时间)
岚千砂都,14,14,'2.93,Sat Dec 11 2021 16:26:31 GMT+0800 (北美中部标准时间)
圣泽悠奈,14,14,'2.91,Sat Dec 11 2021 16:27:12 GMT+0800 (北美中部标准时间)
喜羊羊你真厉害,14,10,'2.80,Sat Dec 11 2021 16:37:48 GMT+0800 (中国标准时间)
沸羊羊你可真粗鲁,14,10,'1.29,Sat Dec 11 2021 16:39:01 GMT+0800 (中国标准时间)
牛牛,14,10,'1.77,Sat Dec 11 2021 16:41:33 GMT+0800 (中国标准时间)
叶月恋牛一,14,10,'2.25,Sat Dec 11 2021 16:44:59 GMT+0800 (中国标准时间)
牛一,14,10,'2.61,Sat Dec 11 2021 16:45:29 GMT+0800 (中国标准时间)
牛二,14,10,'1.23,Sat Dec 11 2021 16:46:01 GMT+0800 (中国标准时间)
高坂海未,14,10,'2.85,Sat Dec 11 2021 16:45:56 GMT+0800 (HKT)
涩谷香音,20,14,'5.17,Sat Dec 11 2021 16:46:47 GMT+0800 (HKT)
牛三,14,10,'2.22,Sat Dec 11 2021 16:47:06 GMT+0800 (中国标准时间)
牛四,14,10,'1.46,Sat Dec 11 2021 16:47:17 GMT+0800 (中国标准时间)
牛五,14,10,'1.32,Sat Dec 11 2021 16:48:00 GMT+0800 (中国标准时间)
牛六,14,10,'1.33,Sat Dec 11 2021 16:48:27 GMT+0800 (中国标准时间)
牛七,14,10,'1.19,Sat Dec 11 2021 16:48:46 GMT+0800 (中国标准时间)
牛八,14,10,'1.55,Sat Dec 11 2021 16:49:05 GMT+0800 (中国标准时间)
牛九,14,10,'1.47,Sat Dec 11 2021 16:49:18 GMT+0800 (中国标准时间)
牛y,14,10,'1.38,Sat Dec 11 2021 16:50:12 GMT+0800 (中国标准时间)
圣泽悠奈,14,10,'2.79,Sat Dec 11 2021 16:59:55 GMT+0800 (中国标准时间)
澳ρ,14,10,'2.05,Sat Dec 11 2021 17:18:00 GMT+0800 (中国标准时间)
JT,14,10,'1.99,Sat Dec 11 2021 17:21:48 GMT+0800 (中国标准时间)
涩谷香音,14,10,'1.54,Sat Dec 11 2021 17:22:55 GMT+0800 (中国标准时间)
澳ρ,14,10,'1.95,Sat Dec 11 2021 17:23:02 GMT+0800 (中国标准时间)
涩谷香音,14,10,'2.05,Sat Dec 11 2021 17:52:46 GMT+0800 (中国标准时间)
kashiwa,14,10,'2.02,Sat Dec 11 2021 17:54:22 GMT+0800 (台北rg)
圣泽悠奈,14,10,'2.95,Sat Dec 11 2021 18:07:38 GMT+0800 (中国标准时间)
唐可可,14,10,'2.64,Sat Dec 11 2021 18:18:46 GMT+0800 (中国标准时间)
澳ρ,14,10,'1.97,Sat Dec 11 2021 18:51:08 GMT+0800 (中国标准时间)
岚千砂都,14,10,'1.85,Sat Dec 11 2021 18:52:01 GMT+0800 (中国标准时间)
圣泽悠奈,14,10,'2.30,Sat Dec 11 2021 18:52:08 GMT+0800 (中国标准时间)
涩谷香音,14,10,'1.29,Sat Dec 11 2021 19:17:33 GMT+0800 (中国标准时间)
帅比,14,10,'2.37,Sat Dec 11 2021 19:35:27 GMT+0800 (CST)
是虚拟啊,14,10,'1.98,Sat Dec 11 2021 19:52:56 GMT+0800 (中国标准时间)
澳ρ,14,10,'1.62,Sat Dec 11 2021 20:10:42 GMT+0800 (中国标准时间)
澳ρ,14,10,'1.21,Sat Dec 11 2021 20:17:35 GMT+0800 (中国标准时间)
paper包,14,10,'1.07,Sat Dec 11 2021 21:07:31 GMT+0800 (中国标准时间)
paper包,14,10,'0.60,Sat Dec 11 2021 21:07:45 GMT+0800 (中国标准时间)
paper包,20,14,'0.79,Sat Dec 11 2021 21:08:00 GMT+0800 (中国标准时间)
阿x,14,10,'2.04,Sat Dec 11 2021 21:19:44 GMT+0800 (Taipei Standard Time)
平安名堇,14,10,'2.43,Sat Dec 11 2021 21:21:21 GMT+0800 (Taipei Standard Time)
阿x,14,10,'1.41,Sat Dec 11 2021 21:22:01 GMT+0800 (Taipei Standard Time)
叶月恋,14,10,'2.43,Sat Dec 11 2021 22:07:22 GMT+0800 (中国标准时间)
圣泽悠奈,14,10,'2.79,Sat Dec 11 2021 22:08:41 GMT+0800 (中国标准时间)
澳ρ,14,10,'1.50,Sat Dec 11 2021 22:16:13 GMT+0800 (中国标准时间)
涩谷香音,20,14,'0.98,Sat Dec 11 2021 22:22:19 GMT+0800 (中国标准时间)
唐可可,20,14,'1.08,Sat Dec 11 2021 22:22:24 GMT+0800 (中国标准时间)
涩谷香音,20,14,'0.79,Sat Dec 11 2021 22:22:37 GMT+0800 (中国标准时间)
涩谷香音,20,14,'0.55,Sat Dec 11 2021 22:22:46 GMT+0800 (中国标准时间)
桃鱼tty,14,10,'2.88,Sat Dec 11 2021 22:27:16 GMT+0800 (CST)
桃鱼,14,10,'1.45,Sat Dec 11 2021 22:27:42 GMT+0800 (CST)
桃鱼,14,14,'3.72,Sat Dec 11 2021 22:28:01 GMT+0800 (CST)
桃鱼,14,14,'2.43,Sat Dec 11 2021 22:28:55 GMT+0800 (CST)
桃鱼,20,14,'1.82,Sat Dec 11 2021 22:30:15 GMT+0800 (CST)
涩谷香音,14,10,'2.09,Sat Dec 11 2021 22:30:58 GMT+0800 (CST)
涩谷香音,14,10,'1.06,Sat Dec 11 2021 22:31:03 GMT+0800 (CST)
SEVEN淇,14,10,'1.21,Sat Dec 11 2021 22:30:42 GMT+0800 (中国标准时间)
叶月恋,14,10,'0.96,Sat Dec 11 2021 22:31:27 GMT+0800 (CST)
圣泽悠奈,14,10,'2.97,Sat Dec 11 2021 22:31:36 GMT+0800 (中国标准时间)
SEVEN淇,14,10,'1.99,Sat Dec 11 2021 22:31:53 GMT+0800 (中国标准时间)
雪碧没气有点甜,14,10,'2.64,Sat Dec 11 2021 22:30:52 GMT+0800 (中国标准时间)
SEVEN淇,14,10,'1.81,Sat Dec 11 2021 22:32:15 GMT+0800 (中国标准时间)
SEVEN淇,20,14,'1.96,Sat Dec 11 2021 22:32:51 GMT+0800 (中国标准时间)
SEVEN淇,20,14,'2.86,Sat Dec 11 2021 22:33:07 GMT+0800 (中国标准时间)
唐可可,500,500,'9.90,Sat Dec 11 2021 22:33:34 GMT+0800 (GMT+08:00)
岚千砂都,14,10,'1.88,Sat Dec 11 2021 22:40:07 GMT+0800 (中国标准时间)
叶月恋,14,10,'2.55,Sat Dec 11 2021 23:04:58 GMT+0800 (中国标准时间)
岚千砂都,14,10,'1.50,Sat Dec 11 2021 23:05:09 GMT+0800 (中国标准时间)
涩谷香音,14,10,'1.53,Sat Dec 11 2021 23:05:23 GMT+0800 (中国标准时间)
涩谷香音,14,10,'1.37,Sat Dec 11 2021 23:05:31 GMT+0800 (中国标准时间)
平安名堇,20,14,'1.20,Sat Dec 11 2021 23:05:46 GMT+0800 (中国标准时间)
圣泽悠奈,14,10,'1.51,Sat Dec 11 2021 23:22:51 GMT+0800 (中国标准时间)
澳ρ,14,10,'2.03,Sat Dec 11 2021 23:22:58 GMT+0800 (中国标准时间)
澳ρ,14,10,'0.93,Sat Dec 11 2021 23:23:04 GMT+0800 (中国标准时间)
唐可可,14,10,'2.94,Sat Dec 11 2021 23:23:17 GMT+0800 (China Standard Time)
唐可可,20,14,'2.00,Sat Dec 11 2021 23:47:14 GMT+0800 (台北rg)
咕咕,14,10,'1.64,Sat Dec 11 2021 23:47:51 GMT+0800 (中国标准时间)
Kashiwa,20,14,'3.69,Sat Dec 11 2021 23:48:07 GMT+0800 (台北rg)
叶月恋,14,10,'1.67,Sat Dec 11 2021 23:59:37 GMT+0800 (中国标准时间)
岚千砂都,14,10,'1.57,Sun Dec 12 2021 00:01:13 GMT+0800 (中国标准时间)
岚千砂都,14,10,'1.26,Sun Dec 12 2021 00:01:20 GMT+0800 (中国标准时间)
唐可可,14,10,'0.92,Sun Dec 12 2021 00:01:34 GMT+0800 (中国标准时间)
涩谷香音,14,10,'1.24,Sun Dec 12 2021 00:01:39 GMT+0800 (中国标准时间)
平安名堇,14,10,'1.69,Sun Dec 12 2021 00:01:44 GMT+0800 (中国标准时间)
五十木玲子,14,10,'1.61,Sun Dec 12 2021 00:17:05 GMT+0800 (CST)
五十木玲子,14,10,'1.55,Sun Dec 12 2021 00:18:26 GMT+0800 (CST)
岚千砂都,14,10,'1.36,Sun Dec 12 2021 00:18:47 GMT+0800 (CST)
五十木玲子,14,10,'1.26,Sun Dec 12 2021 00:18:57 GMT+0800 (CST)
岚千砂都,14,10,'2.14,Sun Dec 12 2021 00:26:41 GMT+0800 (China Standard Time)
唐可可,14,10,'2.93,Sun Dec 12 2021 01:01:54 GMT+0800 (中国标准时间)
岚千砂都,14,10,'2.37,Sun Dec 12 2021 01:02:01 GMT+0800 (中国标准时间)
唐可可,14,10,'1.40,Sun Dec 12 2021 01:02:38 GMT+0800 (中国标准时间)
圣泽悠奈,14,10,'1.61,Sun Dec 12 2021 01:02:57 GMT+0800 (中国标准时间)
平安名堇,14,10,'2.37,Sun Dec 12 2021 01:03:28 GMT+0800 (中国标准时间)
圣泽悠奈,14,10,'1.11,Sun Dec 12 2021 01:03:32 GMT+0800 (中国标准时间)
叶月恋,14,10,'1.60,Sun Dec 12 2021 01:04:11 GMT+0800 (中国标准时间)
岚千砂都,14,10,'1.30,Sun Dec 12 2021 01:35:39 GMT+0800 (中国标准时间)
澳ρ,14,10,'1.61,Sun Dec 12 2021 01:35:51 GMT+0800 (中国标准时间)
女未成,14,10,'1.50,Sun Dec 12 2021 02:19:08 GMT+0800 (中国标准时间)
嗡嗡,14,10,'1.89,Sun Dec 12 2021 02:38:41 GMT+0800 (中国标准时间)
唐可可,14,10,'2.62,Sun Dec 12 2021 04:13:13 GMT+0800 (中国标准时间)
叶月恋,14,10,'1.17,Sun Dec 12 2021 04:13:21 GMT+0800 (中国标准时间)
plazum,7,5,'0.69,Sun Dec 12 2021 05:36:33 GMT+0800 (中国标准时间)
plazum,7,5,'0.57,Sun Dec 12 2021 05:39:38 GMT+0800 (中国标准时间)
plazum,20,20,'0.94,Sun Dec 12 2021 06:02:31 GMT+0800 (中国标准时间)
平安名堇,14,10,'2.79,Sun Dec 12 2021 06:06:52 GMT+0800 (CST)
looooxy,14,10,'2.20,Sun Dec 12 2021 08:12:30 GMT+0800 (中国标准时间)
有事没事谈蛋蛋,14,10,'1.35,Sun Dec 12 2021 08:38:57 GMT+0800 (中国标准时间)
Hego_Chin,14,10,'2.27,Sun Dec 12 2021 09:34:15 GMT+0800 (中国标准时间)
Hego_Chin,14,10,'1.81,Sun Dec 12 2021 09:35:08 GMT+0800 (中国标准时间)
叶月恋,14,10,'1.91,Sun Dec 12 2021 09:35:43 GMT+0800 (中国标准时间)
Hego_Chin,14,10,'1.10,Sun Dec 12 2021 09:37:11 GMT+0800 (中国标准时间)
Hego_Chin,14,14,'1.36,Sun Dec 12 2021 09:37:48 GMT+0800 (中国标准时间)
圣泽悠奈,14,10,'1.57,Sun Dec 12 2021 09:39:08 GMT+0800 (中国标准时间)
Hego_Chin,14,10,'0.95,Sun Dec 12 2021 09:39:28 GMT+0800 (中国标准时间)
唐可可,14,10,'1.81,Sun Dec 12 2021 10:29:04 GMT+0800 (中国标准时间)
澳ρ,14,10,'1.85,Sun Dec 12 2021 10:29:12 GMT+0800 (中国标准时间)
平安名堇,20,14,'3.29,Sun Dec 12 2021 10:29:21 GMT+0800 (中国标准时间)
圣泽悠奈,14,10,'2.15,Sun Dec 12 2021 10:40:15 GMT+0800 (中国标准时间)
唐可可,14,10,'2.54,Sun Dec 12 2021 10:54:20 GMT+0800 (中国标准时间)
Morningstar,20,20,'1.03,Sun Dec 12 2021 11:09:00 GMT+0800 (CST)
唐可可,14,10,'1.85,Sun Dec 12 2021 11:23:25 GMT+0800 (中国标准时间)
hex,14,10,'2.69,Sun Dec 12 2021 11:26:55 GMT+0800 (中国标准时间)
懒惰的芜菁,20,14,'5.91,Sun Dec 12 2021 11:52:31 GMT+0800 (China Standard Time)
懒惰的芜菁,20,14,'2.95,Sun Dec 12 2021 11:53:09 GMT+0800 (China Standard Time)
懒惰的芜菁,20,14,'2.38,Sun Dec 12 2021 11:53:52 GMT+0800 (China Standard Time)
2333,20,20,'1.86,Sun Dec 12 2021 12:04:41 GMT+0800 (China Standard Time)
圣泽悠奈,14,10,'2.40,Sun Dec 12 2021 12:19:00 GMT+0800 (中国标准时间)
有猫没钱,14,10,'2.72,Sun Dec 12 2021 12:30:06 GMT+0800 (中国标准时间)
有猫没钱,20,14,'2.30,Sun Dec 12 2021 12:31:26 GMT+0800 (中国标准时间)
有猫没钱,20,14,'3.03,Sun Dec 12 2021 12:34:44 GMT+0800 (中国标准时间)
有猫没钱,20,14,'2.77,Sun Dec 12 2021 12:35:23 GMT+0800 (中国标准时间)
有猫没钱,20,14,'1.35,Sun Dec 12 2021 12:35:35 GMT+0800 (中国标准时间)
有猫没钱,20,14,'1.57,Sun Dec 12 2021 12:36:10 GMT+0800 (中国标准时间)
有猫没钱,20,14,'3.18,Sun Dec 12 2021 12:36:40 GMT+0800 (中国标准时间)
有猫没钱,20,20,'3.83,Sun Dec 12 2021 12:38:07 GMT+0800 (中国标准时间)
有猫没钱,100,100,'63.49,Sun Dec 12 2021 12:42:21 GMT+0800 (中国标准时间)
圣泽悠奈,20,14,'1.95,Sun Dec 12 2021 12:43:11 GMT+0800 (中国标准时间)
有猫没钱,14,10,'1.47,Sun Dec 12 2021 12:43:28 GMT+0800 (中国标准时间)
有猫没钱,14,10,'2.69,Sun Dec 12 2021 12:43:42 GMT+0800 (中国标准时间)
有猫没钱,14,10,'1.41,Sun Dec 12 2021 12:43:54 GMT+0800 (中国标准时间)
有猫没钱,20,20,'1.64,Sun Dec 12 2021 12:44:40 GMT+0800 (中国标准时间)
有猫没钱,20,20,'1.38,Sun Dec 12 2021 12:48:26 GMT+0800 (CST)
有猫没钱,30,20,'2.25,Sun Dec 12 2021 12:50:29 GMT+0800 (CST)
有猫没钱,30,30,'1.59,Sun Dec 12 2021 12:51:18 GMT+0800 (CST)
有猫没钱,30,30,'1.61,Sun Dec 12 2021 12:55:20 GMT+0800 (CST)
叶月恋,20,14,'1.27,Sun Dec 12 2021 13:03:34 GMT+0800 (Taipei Standard Time)
朗姆酒,14,10,'2.43,Sun Dec 12 2021 13:16:42 GMT+0800 (中国标准时间)
朗姆酒,14,10,'1.78,Sun Dec 12 2021 13:18:41 GMT+0800 (中国标准时间)
涩谷香音,14,10,'2.91,Sun Dec 12 2021 13:19:36 GMT+0800 (中国标准时间)
康娜卡姆依,14,10,'1.05,Sun Dec 12 2021 13:42:16 GMT+0800 (中国标准时间)
澳ρ,14,10,'1.66,Sun Dec 12 2021 13:42:53 GMT+0800 (中国标准时间)
圣泽悠奈,20,14,'1.39,Sun Dec 12 2021 13:43:03 GMT+0800 (中国标准时间)
唐可yang,14,10,'1.93,Sun Dec 12 2021 14:29:27 GMT+0800 (中国标准时间)
tky,14,10,'1.03,Sun Dec 12 2021 14:30:00 GMT+0800 (中国标准时间)
tky,14,10,'1.71,Sun Dec 12 2021 14:30:12 GMT+0800 (中国标准时间)
yky,14,10,'1.25,Sun Dec 12 2021 14:30:24 GMT+0800 (中国标准时间)
澳ρ,14,10,'2.02,Sun Dec 12 2021 14:30:42 GMT+0800 (中国标准时间)
yky,20,14,'1.51,Sun Dec 12 2021 14:30:50 GMT+0800 (中国标准时间)
yky,20,14,'3.11,Sun Dec 12 2021 14:31:05 GMT+0800 (中国标准时间)
叶月恋,14,10,'1.02,Sun Dec 12 2021 14:51:22 GMT+0800 (中国标准时间)
哈哈哈哈找到敲门了,14,10,'1.52,Sun Dec 12 2021 14:55:11 GMT+0800 (中国标准时间)
敲门无敌,14,10,'2.70,Sun Dec 12 2021 14:56:25 GMT+0800 (中国标准时间)
梦黎,14,10,'1.07,Sun Dec 12 2021 15:46:23 GMT+0800 (中国标准时间)
梦黎,14,10,'2.64,Sun Dec 12 2021 15:46:57 GMT+0800 (中国标准时间)
梦黎,14,10,'2.50,Sun Dec 12 2021 15:47:11 GMT+0800 (中国标准时间)
梦黎,14,10,'1.28,Sun Dec 12 2021 15:47:20 GMT+0800 (中国标准时间)
梦黎,14,10,'2.58,Sun Dec 12 2021 15:47:36 GMT+0800 (中国标准时间)
梦黎,14,10,'1.97,Sun Dec 12 2021 15:48:22 GMT+0800 (中国标准时间)
梦黎,14,10,'1.41,Sun Dec 12 2021 15:48:38 GMT+0800 (中国标准时间)
梦黎,14,10,'1.63,Sun Dec 12 2021 15:49:04 GMT+0800 (中国标准时间)
梦黎,14,10,'2.40,Sun Dec 12 2021 15:49:14 GMT+0800 (中国标准时间)
梦黎,14,10,'1.86,Sun Dec 12 2021 15:51:33 GMT+0800 (中国标准时间)
板鸭,14,10,'1.14,Sun Dec 12 2021 15:51:43 GMT+0800 (中国标准时间)
猫猫头,14,10,'1.48,Sun Dec 12 2021 15:51:53 GMT+0800 (中国标准时间)
三哥,14,10,'2.32,Sun Dec 12 2021 15:52:17 GMT+0800 (中国标准时间)
红,14,10,'1.08,Sun Dec 12 2021 15:52:28 GMT+0800 (中国标准时间)
二乔,14,10,'1.03,Sun Dec 12 2021 15:52:41 GMT+0800 (中国标准时间)
Y,14,10,'2.29,Sun Dec 12 2021 15:53:01 GMT+0800 (中国标准时间)
空城梦以,14,10,'0.91,Sun Dec 12 2021 15:53:11 GMT+0800 (中国标准时间)
空城梦以,14,10,'1.21,Sun Dec 12 2021 15:54:10 GMT+0800 (中国标准时间)
五河千代子,14,10,'1.66,Sun Dec 12 2021 15:54:28 GMT+0800 (中国标准时间)
FF,14,10,'1.54,Sun Dec 12 2021 15:54:47 GMT+0800 (中国标准时间)
梦黎,14,10,'1.41,Sun Dec 12 2021 15:56:02 GMT+0800 (中国标准时间)
灰t,20,14,'2.56,Sun Dec 12 2021 15:57:45 GMT+0800 (CST)
梦黎,14,10,'0.61,Sun Dec 12 2021 15:59:20 GMT+0800 (中国标准时间)
梦黎,14,10,'0.77,Sun Dec 12 2021 16:00:49 GMT+0800 (中国标准时间)
岚千砂都,14,10,'0.59,Sun Dec 12 2021 16:05:57 GMT+0800 (中国标准时间)
梦黎,14,10,'0.58,Sun Dec 12 2021 16:06:57 GMT+0800 (中国标准时间)
梦黎,14,10,'0.53,Sun Dec 12 2021 16:07:57 GMT+0800 (中国标准时间)
轮回,14,10,'2.38,Sun Dec 12 2021 16:10:31 GMT+0800 (中国标准时间)
轮回,14,14,'2.14,Sun Dec 12 2021 16:11:50 GMT+0800 (中国标准时间)
projekt red,14,10,'0.71,Sun Dec 12 2021 16:14:49 GMT+0800 (中国标准时间)
圣泽悠奈,14,10,'1.15,Sun Dec 12 2021 16:16:06 GMT+0800 (中国标准时间)
projekt red,14,10,'0.77,Sun Dec 12 2021 16:16:13 GMT+0800 (中国标准时间)
projekt red,14,10,'0.62,Sun Dec 12 2021 16:16:25 GMT+0800 (中国标准时间)
平安名堇,14,10,'0.97,Sun Dec 12 2021 16:17:26 GMT+0800 (HKT)
岚千砂都,14,10,'2.53,Sun Dec 12 2021 16:18:48 GMT+0800 (北美中部标准时间)
澳ρ,14,10,'2.82,Sun Dec 12 2021 16:25:46 GMT+0800 (中国标准时间)
唐可可,14,10,'1.50,Sun Dec 12 2021 16:28:07 GMT+0800 (中国标准时间)
澳ρ,20,14,'3.98,Sun Dec 12 2021 16:30:36 GMT+0800 (中国标准时间)
平安名堇,14,10,'2.92,Sun Dec 12 2021 16:37:44 GMT+0800 (中国标准时间)
Roy,14,10,'1.55,Sun Dec 12 2021 17:08:45 GMT+0800 (中国标准时间)
好耶,14,10,'2.03,Sun Dec 12 2021 17:15:42 GMT+0800 (中国标准时间)
圣泽悠奈,14,10,'1.85,Sun Dec 12 2021 17:16:43 GMT+0800 (中国标准时间)
圣泽悠奈,14,10,'1.37,Sun Dec 12 2021 17:17:23 GMT+0800 (中国标准时间)
圣泽悠奈,14,10,'1.27,Sun Dec 12 2021 17:18:50 GMT+0800 (中国标准时间)
叶月恋,14,10,'1.70,Sun Dec 12 2021 17:19:01 GMT+0800 (中国标准时间)
澳ρ,14,10,'2.91,Sun Dec 12 2021 17:19:10 GMT+0800 (中国标准时间)
岚千砂都,14,10,'1.48,Sun Dec 12 2021 17:19:21 GMT+0800 (中国标准时间)
唐可可,14,10,'1.19,Sun Dec 12 2021 17:48:09 GMT+0800 (China Standard Time)
圣泽悠奈,14,10,'1.81,Sun Dec 12 2021 18:34:20 GMT+0800 (中国标准时间)
叶月恋,14,10,'2.22,Sun Dec 12 2021 18:36:09 GMT+0800 (中国标准时间)
月沉沧海底,14,10,'2.08,Sun Dec 12 2021 18:51:11 GMT+0800 (中国标准时间)
月沉沧海底,14,10,'1.22,Sun Dec 12 2021 18:52:15 GMT+0800 (中国标准时间)
涩谷香音,14,10,'1.54,Sun Dec 12 2021 18:53:55 GMT+0800 (中国标准时间)
圣泽悠奈,14,10,'0.98,Sun Dec 12 2021 18:54:10 GMT+0800 (中国标准时间)
唐可可,14,10,'0.94,Sun Dec 12 2021 18:55:12 GMT+0800 (中国标准时间)
涩谷香音,20,14,'2.79,Sun Dec 12 2021 18:55:41 GMT+0800 (中国标准时间)
澳ρ,20,14,'2.78,Sun Dec 12 2021 18:56:00 GMT+0800 (中国标准时间)
白莲鱼,14,10,'2.18,Sun Dec 12 2021 18:56:16 GMT+0800 (中国标准时间)
平安名堇,14,10,'1.59,Sun Dec 12 2021 18:58:27 GMT+0800 (中国标准时间)
圣泽悠奈,14,10,'2.67,Sun Dec 12 2021 19:01:48 GMT+0800 (中国标准时间)
久默,14,10,'1.77,Sun Dec 12 2021 19:15:40 GMT+0800 (中国标准时间)
岚千砂都,14,10,'0.75,Sun Dec 12 2021 19:16:46 GMT+0800 (中国标准时间)
平安名堇,14,10,'2.38,Sun Dec 12 2021 19:28:43 GMT+0800 (中国标准时间)
洛妍,14,10,'2.74,Sun Dec 12 2021 19:56:20 GMT+0800 (中国标准时间)
唐可可,14,10,'1.71,Sun Dec 12 2021 20:01:02 GMT+0800 (中国标准时间)
平安名堇,14,10,'2.82,Sun Dec 12 2021 20:02:40 GMT+0800 (中国标准时间)
岚千砂都,14,10,'1.11,Sun Dec 12 2021 20:03:00 GMT+0800 (中国标准时间)
澳ρ,14,10,'1.34,Sun Dec 12 2021 20:03:06 GMT+0800 (中国标准时间)
涩谷香音,14,10,'1.74,Sun Dec 12 2021 20:03:18 GMT+0800 (中国标准时间)
平安名堇,14,10,'0.90,Sun Dec 12 2021 20:03:29 GMT+0800 (中国标准时间)
咯严,14,10,'0.77,Sun Dec 12 2021 20:03:35 GMT+0800 (中国标准时间)
罗燕,14,10,'0.64,Sun Dec 12 2021 20:03:48 GMT+0800 (中国标准时间)
罗艳,14,10,'0.61,Sun Dec 12 2021 20:03:57 GMT+0800 (中国标准时间)
叶月恋,14,10,'0.66,Sun Dec 12 2021 20:04:07 GMT+0800 (中国标准时间)
澳ρ,14,10,'0.89,Sun Dec 12 2021 20:04:15 GMT+0800 (中国标准时间)
落岩,14,10,'0.56,Sun Dec 12 2021 20:04:30 GMT+0800 (中国标准时间)
圣泽悠奈,14,10,'1.34,Sun Dec 12 2021 20:10:27 GMT+0800 (中国标准时间)
澳ρ,14,10,'1.16,Sun Dec 12 2021 20:10:53 GMT+0800 (中国标准时间)
圣泽悠奈,14,10,'1.66,Sun Dec 12 2021 20:14:04 GMT+0800 (中国标准时间)
波多野结衣,14,10,'1.88,Sun Dec 12 2021 20:14:06 GMT+0800 (中国标准时间)
三上悠亚,20,14,'2.03,Sun Dec 12 2021 20:14:25 GMT+0800 (中国标准时间)
唐可可,14,14,'2.76,Sun Dec 12 2021 20:14:38 GMT+0800 (中国标准时间)
hz,14,10,'1.37,Sun Dec 12 2021 20:17:32 GMT+0800 (中国标准时间)
hz,20,14,'5.13,Sun Dec 12 2021 20:18:14 GMT+0800 (中国标准时间)
hz,20,14,'3.22,Sun Dec 12 2021 20:18:31 GMT+0800 (中国标准时间)
hz,20,14,'1.27,Sun Dec 12 2021 20:19:31 GMT+0800 (中国标准时间)
hz,20,14,'1.01,Sun Dec 12 2021 20:19:41 GMT+0800 (中国标准时间)
七哥,14,10,'2.38,Sun Dec 12 2021 21:07:16 GMT+0800 (中国标准时间)
Ocliu,14,10,'0.82,Sun Dec 12 2021 21:37:22 GMT+0800 (CST)
Ocliu,14,10,'1.66,Sun Dec 12 2021 21:38:04 GMT+0800 (CST)
Ocliu,14,10,'1.10,Sun Dec 12 2021 21:38:19 GMT+0800 (CST)
Ocliu,14,10,'0.95,Sun Dec 12 2021 21:38:44 GMT+0800 (CST)
Ocliu,14,10,'0.82,Sun Dec 12 2021 21:40:03 GMT+0800 (CST)
Ocliu,14,10,'0.54,Sun Dec 12 2021 21:43:26 GMT+0800 (CST)
Ocliu,14,10,'0.62,Sun Dec 12 2021 21:43:38 GMT+0800 (CST)
Ocliu,20,14,'0.83,Sun Dec 12 2021 21:44:19 GMT+0800 (CST)
Ocliu,30,30,'1.87,Sun Dec 12 2021 21:48:52 GMT+0800 (CST)
甘雨,14,10,'1.64,Sun Dec 12 2021 22:01:57 GMT+0800 (中rg)
岚千砂都,14,10,'2.88,Sun Dec 12 2021 22:32:58 GMT+0800 (中国标准时间)
阿球,14,10,'1.31,Sun Dec 12 2021 23:07:29 GMT+0800 (中国标准时间)
plazum,100,100,'23.24,Sun Dec 12 2021 23:20:26 GMT+0800 (中国标准时间)
叶月恋,14,10,'2.17,Sun Dec 12 2021 23:26:56 GMT+0800 (中国标准时间)
我厉害坏了,14,10,'1.97,Sun Dec 12 2021 23:32:42 GMT+0800 (China Standard Time)
圣泽悠奈,14,10,'1.51,Sun Dec 12 2021 23:33:16 GMT+0800 (China Standard Time)
荻花秋,14,10,'1.94,Sun Dec 12 2021 23:40:18 GMT+0800 (中国标准时间)
芜湖,20,14,'4.73,Sun Dec 12 2021 23:46:36 GMT+0800 (中国标准时间)
平安名堇,14,10,'1.19,Mon Dec 13 2021 00:09:18 GMT+0800 (中国标准时间)
口瓜,20,20,'5.35,Mon Dec 13 2021 00:12:01 GMT+0800 (中国标准时间)
澳ρ,14,10,'2.99,Mon Dec 13 2021 00:34:25 GMT+0800 (China Standard Time)
唐可可,14,10,'2.07,Mon Dec 13 2021 00:58:40 GMT+0800 (中国标准时间)
涩谷香音,14,10,'2.19,Mon Dec 13 2021 00:59:23 GMT+0800 (中国标准时间)
,14,10,'2.03,Mon Dec 13 2021 01:27:27 GMT+0800 (CST)
澳ρ,14,10,'2.33,Mon Dec 13 2021 01:28:33 GMT+0800 (CST)
圣泽悠奈1.82秒！！！！,14,10,'1.82,Mon Dec 13 2021 05:10:01 GMT+0800 (中国标准时间)
岚千砂都哈哈哈哈哈哈1.35秒,14,14,'1.35,Mon Dec 13 2021 05:11:44 GMT+0800 (中国标准时间)
平安名3.90秒哈哈哈哈哈,20,14,'3.90,Mon Dec 13 2021 05:12:51 GMT+0800 (中国标准时间)
平安名堇,14,10,'2.82,Mon Dec 13 2021 09:09:39 GMT+0800 (CST)
解落秋,14,10,'1.56,Mon Dec 13 2021 11:22:40 GMT+0800 (CST)
解落秋,20,14,'5.98,Mon Dec 13 2021 11:23:45 GMT+0800 (CST)
澳ρ,20,14,'4.09,Mon Dec 13 2021 11:24:00 GMT+0800 (CST)
解落秋,20,14,'2.30,Mon Dec 13 2021 11:24:16 GMT+0800 (CST)
解落秋,20,14,'1.37,Mon Dec 13 2021 11:24:28 GMT+0800 (CST)
平安名堇,14,10,'2.24,Mon Dec 13 2021 11:58:53 GMT+0800 (中国标准时间)
岚千砂都,14,10,'1.60,Mon Dec 13 2021 11:59:48 GMT+0800 (中国标准时间)
圣泽悠奈,14,10,'1.23,Mon Dec 13 2021 12:07:35 GMT+0800 (中国标准时间)
澳ρ,14,10,'2.25,Mon Dec 13 2021 12:07:50 GMT+0800 (中国标准时间)
叶月恋,14,10,'1.25,Mon Dec 13 2021 12:08:23 GMT+0800 (中国标准时间)
唐可可,14,10,'1.05,Mon Dec 13 2021 12:08:52 GMT+0800 (中国标准时间)
叶月恋,20,14,'2.72,Mon Dec 13 2021 12:23:12 GMT+0800 (中国标准时间)
ababaab,20,14,'1.53,Mon Dec 13 2021 12:23:27 GMT+0800 (中国标准时间)
H,20,14,'1.06,Mon Dec 13 2021 12:24:17 GMT+0800 (中国标准时间)
平安名堇,14,10,'2.00,Mon Dec 13 2021 13:00:00 GMT+0800 (中国标准时间)
小时了了,14,10,'1.61,Mon Dec 13 2021 13:03:01 GMT+0800 (中国标准时间)
唐可可,14,10,'1.73,Mon Dec 13 2021 13:03:30 GMT+0800 (中国标准时间)
小时了了,14,10,'2.55,Mon Dec 13 2021 13:03:36 GMT+0800 (中国标准时间)
唐可可,20,14,'4.68,Mon Dec 13 2021 13:04:58 GMT+0800 (中国标准时间)
涩谷香音,20,14,'1.19,Mon Dec 13 2021 13:05:48 GMT+0800 (中国标准时间)
叶月恋,20,14,'5.99,Mon Dec 13 2021 13:05:58 GMT+0800 (中国标准时间)
你好谢谢口水巾再见,20,14,'5.27,Mon Dec 13 2021 00:42:20 GMT-0500 (EST)
u,14,10,'3.00,Mon Dec 13 2021 13:50:34 GMT+0800 (中国标准时间)
澳ρ,14,10,'2.71,Mon Dec 13 2021 13:52:11 GMT+0800 (中国标准时间)
唐可可,14,10,'1.24,Mon Dec 13 2021 13:55:24 GMT+0800 (中国标准时间)
涩谷香音,14,10,'1.83,Mon Dec 13 2021 14:06:11 GMT+0800 (中国标准时间)
张伟东,14,10,'1.72,Mon Dec 13 2021 14:07:38 GMT+0800 (中国标准时间)
张伟东,20,14,'1.42,Mon Dec 13 2021 14:08:10 GMT+0800 (中国标准时间)
圣泽悠奈,14,10,'1.45,Mon Dec 13 2021 01:18:24 GMT-0500 (EST)
圣泽悠奈,14,10,'1.67,Mon Dec 13 2021 14:23:42 GMT+0800 (中国标准时间)
Fermillyc,14,10,'2.51,Mon Dec 13 2021 14:28:22 GMT+0800 (CST)
Fermillyc,14,10,'2.80,Mon Dec 13 2021 14:28:51 GMT+0800 (CST)
澳ρ,14,10,'2.70,Mon Dec 13 2021 14:30:26 GMT+0800 (中国标准时间)
叶月恋,14,10,'1.72,Mon Dec 13 2021 14:30:57 GMT+0800 (中国标准时间)
岚千砂都,14,10,'2.49,Mon Dec 13 2021 14:31:29 GMT+0800 (中国标准时间)
圣泽悠奈,14,10,'1.69,Mon Dec 13 2021 14:31:52 GMT+0800 (中国标准时间)
唐可可,14,10,'1.80,Mon Dec 13 2021 14:34:20 GMT+0800 (中国标准时间)
涩谷香音,14,10,'2.68,Mon Dec 13 2021 14:58:47 GMT+0800 (中国标准时间)
涩谷香音,14,10,'2.65,Mon Dec 13 2021 15:52:55 GMT+0800 (中国标准时间)
澳ρ,14,10,'1.57,Mon Dec 13 2021 15:57:40 GMT+0800 (中国标准时间)
澳ρ,14,10,'2.27,Mon Dec 13 2021 15:58:08 GMT+0800 (中国标准时间)
平安名堇,14,10,'2.82,Mon Dec 13 2021 15:58:17 GMT+0800 (中国标准时间)
叶月恋,14,10,'2.10,Mon Dec 13 2021 15:58:47 GMT+0800 (中国标准时间)
平安名堇,14,10,'1.70,Mon Dec 13 2021 16:11:57 GMT+0800 (中国标准时间)
澳ρ,14,10,'1.96,Mon Dec 13 2021 16:30:47 GMT+0800 (中国标准时间)
涩谷香音,14,10,'1.41,Mon Dec 13 2021 16:31:02 GMT+0800 (中国标准时间)
唐可可,20,14,'5.64,Mon Dec 13 2021 16:34:42 GMT+0800 (中国标准时间)
澳ρ,14,10,'2.93,Mon Dec 13 2021 17:11:48 GMT+0800 (中国标准时间)
XMANN,14,10,'1.55,Mon Dec 13 2021 17:12:04 GMT+0800 (中国标准时间)
平安名堇,14,10,'2.31,Mon Dec 13 2021 17:30:45 GMT+0800 (中国标准时间)
岚千砂都,20,14,'5.88,Mon Dec 13 2021 17:55:35 GMT+0800 (中国标准时间)
澳ρ,14,10,'1.51,Mon Dec 13 2021 18:32:06 GMT+0800 (China Standard Time)
唐可可,14,10,'1.41,Mon Dec 13 2021 18:37:07 GMT+0800 (中国标准时间)
澳ρ,20,14,'3.24,Mon Dec 13 2021 18:40:19 GMT+0800 (中国标准时间)
岚千砂都,14,10,'1.77,Mon Dec 13 2021 19:07:59 GMT+0800 (中国标准时间)
平安名堇,14,10,'1.67,Mon Dec 13 2021 19:08:52 GMT+0800 (中国标准时间)
唐可可,14,10,'1.24,Mon Dec 13 2021 19:09:34 GMT+0800 (中国标准时间)
唐可可,14,10,'1.72,Mon Dec 13 2021 19:10:01 GMT+0800 (中国标准时间)
平安名堇,14,10,'1.22,Mon Dec 13 2021 19:15:20 GMT+0800 (中国标准时间)
春季橙,14,10,'2.53,Mon Dec 13 2021 19:31:53 GMT+0800 (中国标准时间)
平安名堇,14,10,'1.56,Mon Dec 13 2021 19:33:27 GMT+0800 (中国标准时间)
叶月恋,14,10,'0.76,Mon Dec 13 2021 19:33:38 GMT+0800 (中国标准时间)
春季橙,14,10,'1.30,Mon Dec 13 2021 19:34:30 GMT+0800 (中国标准时间)
叶月恋,20,14,'1.52,Mon Dec 13 2021 19:43:46 GMT+0800 (中国标准时间)
平安名堇,14,10,'0.89,Mon Dec 13 2021 19:44:10 GMT+0800 (中国标准时间)
圣泽悠奈,14,10,'1.97,Mon Dec 13 2021 19:44:36 GMT+0800 (CST)
圣泽悠奈,20,14,'4.17,Mon Dec 13 2021 19:50:57 GMT+0800 (中国标准时间)
lk,14,10,'9990.12,Mon Dec 13 2021 20:02:11 GMT+0800 (中国标准时间)
lk,14,10,'9990.11,Mon Dec 13 2021 20:09:52 GMT+0800 (中国标准时间)
乐了,14,10,'1.61,Mon Dec 13 2021 20:12:21 GMT+0800 (CST)
lk,200,200,'0.00,Mon Dec 13 2021 20:12:24 GMT+0800 (中国标准时间)
唐可可,14,10,'2.16,Mon Dec 13 2021 20:13:10 GMT+0800 (CST)
唐可可,14,10,'1.05,Mon Dec 13 2021 20:16:21 GMT+0800 (中国标准时间)
叶月恋,14,10,'2.19,Mon Dec 13 2021 20:43:15 GMT+0800 (中国标准时间)
Mad,14,10,'2.30,Mon Dec 13 2021 20:44:07 GMT+0800 (CST)
Mad,14,10,'1.66,Mon Dec 13 2021 20:44:53 GMT+0800 (CST)
Mifan,14,10,'2.74,Mon Dec 13 2021 21:25:20 GMT+0800 (CST)
岚千砂都,14,10,'1.98,Mon Dec 13 2021 21:37:36 GMT+0800 (中国标准时间)
平安名堇,14,14,'3.02,Mon Dec 13 2021 21:58:45 GMT+0800 (香港标准时间)
圣泽悠奈,14,10,'2.54,Mon Dec 13 2021 21:59:01 GMT+0800 (CST)
平安名堇,14,10,'2.45,Mon Dec 13 2021 21:59:28 GMT+0800 (CST)
澳ρ,14,10,'1.64,Mon Dec 13 2021 22:48:57 GMT+0800 (中国标准时间)
Fermillyc,14,10,'1.43,Mon Dec 13 2021 22:51:46 GMT+0800 (CST)
Fermillyc,14,10,'1.59,Mon Dec 13 2021 22:52:15 GMT+0800 (CST)
岚千砂都,20,14,'0.91,Mon Dec 13 2021 23:10:25 GMT+0800 (CST)
Ocliu,14,10,'0.50,Mon Dec 13 2021 23:11:35 GMT+0800 (CST)
Ocliu,14,10,'0.48,Mon Dec 13 2021 23:13:08 GMT+0800 (CST)
Ocliu,14,10,'0.45,Mon Dec 13 2021 23:14:11 GMT+0800 (CST)
诺那,14,10,'2.33,Mon Dec 13 2021 23:15:47 GMT+0800 (中国标准时间)
诺那,14,10,'0.98,Mon Dec 13 2021 23:16:31 GMT+0800 (中国标准时间)
诺那,14,10,'1.76,Mon Dec 13 2021 23:17:13 GMT+0800 (中国标准时间)
诺那,20,14,'5.55,Mon Dec 13 2021 23:17:55 GMT+0800 (中国标准时间)
诺那,20,14,'1.66,Mon Dec 13 2021 23:18:03 GMT+0800 (中国标准时间)
诺那,14,10,'1.18,Mon Dec 13 2021 23:18:34 GMT+0800 (中国标准时间)
诺那,14,10,'2.22,Mon Dec 13 2021 23:20:41 GMT+0800 (中国标准时间)
诺那,14,10,'1.12,Mon Dec 13 2021 23:21:00 GMT+0800 (中国标准时间)
诺那,14,10,'0.92,Mon Dec 13 2021 23:21:13 GMT+0800 (中国标准时间)
唐可可,14,10,'1.55,Mon Dec 13 2021 23:21:32 GMT+0800 (中国标准时间)
平安名堇,14,10,'1.70,Mon Dec 13 2021 23:21:48 GMT+0800 (中国标准时间)
澳ρ,14,10,'1.44,Mon Dec 13 2021 23:21:59 GMT+0800 (中国标准时间)
平安名堇,14,10,'1.54,Mon Dec 13 2021 23:23:12 GMT+0800 (中国标准时间)
岚千砂都,14,10,'2.00,Mon Dec 13 2021 23:23:30 GMT+0800 (中国标准时间)
澳ρ,14,10,'2.08,Mon Dec 13 2021 23:23:40 GMT+0800 (中国标准时间)
涩谷香音,14,10,'1.55,Mon Dec 13 2021 23:23:45 GMT+0800 (中国标准时间)
唐可可,14,10,'1.98,Mon Dec 13 2021 23:24:20 GMT+0800 (中国标准时间)
诺那,14,10,'0.77,Mon Dec 13 2021 23:24:42 GMT+0800 (中国标准时间)
澳ρ,14,10,'2.08,Mon Dec 13 2021 23:26:57 GMT+0800 (中国标准时间)
澳ρ,14,10,'1.13,Mon Dec 13 2021 23:27:14 GMT+0800 (中国标准时间)
圣泽悠奈,14,10,'1.44,Mon Dec 13 2021 23:27:26 GMT+0800 (中国标准时间)
平安名堇,14,10,'1.26,Mon Dec 13 2021 23:27:22 GMT+0800 (中国标准时间)
平安名堇,14,10,'1.17,Mon Dec 13 2021 23:27:53 GMT+0800 (中国标准时间)
涩谷香音,14,10,'1.64,Mon Dec 13 2021 23:28:00 GMT+0800 (中国标准时间)
涩谷香音,14,10,'2.19,Mon Dec 13 2021 23:28:18 GMT+0800 (中国标准时间)
涩谷香音,14,10,'1.41,Mon Dec 13 2021 23:28:29 GMT+0800 (中国标准时间)
澳ρ,14,10,'1.17,Mon Dec 13 2021 23:28:51 GMT+0800 (中国标准时间)
岚千砂都,14,10,'2.43,Mon Dec 13 2021 23:29:05 GMT+0800 (中国标准时间)
圣泽悠奈,14,10,'2.62,Mon Dec 13 2021 23:29:18 GMT+0800 (中国标准时间)
澳ρ,14,10,'1.40,Mon Dec 13 2021 23:29:31 GMT+0800 (中国标准时间)
诺那,14,10,'0.79,Mon Dec 13 2021 23:29:48 GMT+0800 (中国标准时间)
平安名堇,14,10,'1.19,Mon Dec 13 2021 23:30:36 GMT+0800 (中国标准时间)
唐可可,14,10,'1.34,Mon Dec 13 2021 23:30:42 GMT+0800 (中国标准时间)
诺那,20,14,'4.08,Mon Dec 13 2021 23:30:51 GMT+0800 (中国标准时间)
诺那,20,14,'1.50,Mon Dec 13 2021 23:31:37 GMT+0800 (中国标准时间)
澳ρ,20,14,'2.10,Mon Dec 13 2021 23:32:04 GMT+0800 (中国标准时间)
诺那,20,14,'1.07,Mon Dec 13 2021 23:32:12 GMT+0800 (中国标准时间)
岚千砂都,20,14,'3.48,Mon Dec 13 2021 23:32:43 GMT+0800 (中国标准时间)
圣泽悠奈,20,14,'2.03,Mon Dec 13 2021 23:33:01 GMT+0800 (中国标准时间)
圣泽悠奈,20,14,'1.59,Mon Dec 13 2021 23:33:25 GMT+0800 (中国标准时间)
诺那,20,14,'0.94,Mon Dec 13 2021 23:33:43 GMT+0800 (中国标准时间)
澳ρ,14,10,'1.03,Mon Dec 13 2021 23:34:42 GMT+0800 (中国标准时间)
岚千砂都,14,10,'2.11,Mon Dec 13 2021 23:50:18 GMT+0800 (中国标准时间)
幻,14,10,'1.26,Mon Dec 13 2021 23:50:31 GMT+0800 (中国标准时间)
幻,20,14,'1.34,Mon Dec 13 2021 23:50:53 GMT+0800 (中国标准时间)
唐可可,14,10,'1.77,Tue Dec 14 2021 00:01:27 GMT+0800 (CST)
平安名堇。,14,10,'2.20,Tue Dec 14 2021 00:57:19 GMT+0800 (China Standard Time)
帝王是我迪亚波罗哒,14,10,'1.59,Tue Dec 14 2021 00:58:31 GMT+0800 (China Standard Time)
澳ρ,14,10,'2.46,Tue Dec 14 2021 01:00:18 GMT+0800 (China Standard Time)
澳ρ,14,10,'3.00,Tue Dec 14 2021 01:00:39 GMT+0800 (China Standard Time)
叶月恋,14,10,'1.49,Tue Dec 14 2021 01:01:02 GMT+0800 (China Standard Time)
涩谷香音,14,10,'1.19,Tue Dec 14 2021 01:01:56 GMT+0800 (China Standard Time)
澳ρ,14,10,'1.13,Tue Dec 14 2021 01:02:02 GMT+0800 (China Standard Time)
叶月恋,14,10,'2.36,Tue Dec 14 2021 01:02:09 GMT+0800 (China Standard Time)
平安名堇,14,10,'1.25,Tue Dec 14 2021 01:02:21 GMT+0800 (China Standard Time)
澳ρ,14,10,'2.45,Tue Dec 14 2021 01:02:36 GMT+0800 (China Standard Time)
唐可可,20,20,'5.02,Tue Dec 14 2021 01:04:07 GMT+0800 (China Standard Time)
平安名堇,20,20,'7.33,Tue Dec 14 2021 01:04:27 GMT+0800 (China Standard Time)
圣泽悠奈,14,10,'1.85,Tue Dec 14 2021 01:28:42 GMT+0800 (China Standard Time)
唐可可,14,10,'1.49,Tue Dec 14 2021 01:29:50 GMT+0800 (China Standard Time)
唐可可,14,10,'1.48,Tue Dec 14 2021 01:30:50 GMT+0800 (China Standard Time)
唐可可,14,10,'1.03,Tue Dec 14 2021 01:31:09 GMT+0800 (China Standard Time)
叶月恋,14,10,'0.84,Tue Dec 14 2021 01:33:01 GMT+0800 (China Standard Time)
岚千砂都,14,10,'2.56,Tue Dec 14 2021 02:43:13 GMT+0800 (中国标准时间)
澳ρ,14,10,'0.96,Tue Dec 14 2021 02:43:21 GMT+0800 (中国标准时间)
圣泽悠奈,14,10,'2.19,Tue Dec 14 2021 03:56:54 GMT+0800 (中国标准时间)
平安名堇,14,10,'1.85,Tue Dec 14 2021 03:57:36 GMT+0800 (中国标准时间)
圣泽悠奈,20,14,'1.29,Tue Dec 14 2021 03:57:55 GMT+0800 (中国标准时间)
岚千砂都,20,14,'2.60,Tue Dec 14 2021 03:58:19 GMT+0800 (中国标准时间)
圣泽悠奈,14,10,'1.01,Tue Dec 14 2021 03:58:30 GMT+0800 (中国标准时间)
圣泽悠奈,14,10,'1.10,Tue Dec 14 2021 03:58:46 GMT+0800 (中国标准时间)
鸢一折纸,14,10,'2.13,Tue Dec 14 2021 09:16:33 GMT+0800 (中国标准时间)
唐可可,14,10,'1.34,Tue Dec 14 2021 09:18:23 GMT+0800 (中国标准时间)
落,14,10,'1.08,Tue Dec 14 2021 09:23:20 GMT+0800 (中国标准时间)
叶月恋,14,10,'1.65,Tue Dec 14 2021 09:31:29 GMT+0800 (中国标准时间)
吴彦祖,14,10,'1.77,Tue Dec 14 2021 10:54:58 GMT+0800 (中国标准时间)
吴彦祖,14,10,'2.23,Tue Dec 14 2021 10:56:56 GMT+0800 (中国标准时间)
吴彦祖,14,10,'0.85,Tue Dec 14 2021 10:57:19 GMT+0800 (中国标准时间)
吴彦祖,14,10,'0.65,Tue Dec 14 2021 10:57:48 GMT+0800 (中国标准时间)
涩谷香音,14,10,'2.63,Tue Dec 14 2021 10:59:19 GMT+0800 (中国标准时间)
呀哈华,20,14,'2.86,Tue Dec 14 2021 11:35:19 GMT+0800 (中国标准时间)
我要色色,14,10,'1.52,Tue Dec 14 2021 11:42:49 GMT+0800 (中国标准时间)
涩谷香音,20,14,'3.54,Tue Dec 14 2021 12:16:20 GMT+0800 (中国标准时间)
万言书,14,10,'1.47,Tue Dec 14 2021 12:18:23 GMT+0800 (中国标准时间)
岚千砂都,14,10,'2.74,Tue Dec 14 2021 12:27:53 GMT+0800 (中国标准时间)
岚千砂都,14,10,'1.59,Tue Dec 14 2021 12:52:49 GMT+0800 (中国标准时间)
高叶南,14,10,'2.10,Tue Dec 14 2021 13:34:33 GMT+0800 (北美中部标准时间)
高叶南,14,10,'1.81,Tue Dec 14 2021 13:36:05 GMT+0800 (北美中部标准时间)
超级大美女,14,10,'1.95,Tue Dec 14 2021 13:40:20 GMT+0800 (CST)
超级大美女,14,10,'2.07,Tue Dec 14 2021 13:41:33 GMT+0800 (CST)
澳ρ,20,14,'1.71,Tue Dec 14 2021 13:43:04 GMT+0800 (CST)
超级大美女,20,14,'1.72,Tue Dec 14 2021 13:43:10 GMT+0800 (CST)
涩谷香音,14,10,'2.64,Tue Dec 14 2021 14:07:16 GMT+0800 (香港标准时间)
澳ρ,14,10,'1.31,Tue Dec 14 2021 14:08:56 GMT+0800 (中国标准时间)
叶月恋,14,10,'1.45,Tue Dec 14 2021 14:09:03 GMT+0800 (中国标准时间)
软软,20,14,'2.81,Tue Dec 14 2021 14:12:00 GMT+0800 (中国标准时间)
唐可可,14,10,'1.56,Tue Dec 14 2021 14:35:28 GMT+0800 (中国标准时间)
唐可可,14,10,'1.06,Tue Dec 14 2021 14:35:48 GMT+0800 (中国标准时间)
澳ρ,20,14,'1.44,Tue Dec 14 2021 14:42:54 GMT+0800 (中国标准时间)
唐可可,14,14,'1.63,Tue Dec 14 2021 14:43:20 GMT+0800 (中国标准时间)
绝了,14,10,'2.53,Tue Dec 14 2021 14:56:01 GMT+0800 (GMT+08:00)
岚千砂都,14,10,'1.92,Tue Dec 14 2021 14:57:32 GMT+0800 (GMT+08:00)
平安名堇,14,10,'1.89,Tue Dec 14 2021 14:57:49 GMT+0800 (GMT+08:00)
澳ρ,14,10,'1.97,Tue Dec 14 2021 14:58:00 GMT+0800 (GMT+08:00)
平安名堇,20,14,'1.92,Tue Dec 14 2021 14:58:17 GMT+0800 (GMT+08:00)
夏目D,14,10,'2.70,Tue Dec 14 2021 15:23:41 GMT+0800 (CST)
涉谷可可,14,10,'0.93,Tue Dec 14 2021 15:51:47 GMT+0800 (香港标准时间)
岚千砂都,20,14,'1.56,Tue Dec 14 2021 16:11:56 GMT+0800 (中国标准时间)
涩谷香音,20,14,'4.07,Tue Dec 14 2021 16:12:40 GMT+0800 (中国标准时间)
乐可,14,10,'0.36,Tue Dec 14 2021 16:27:14 GMT+0800 (中国标准时间)
乐,14,10,'0.17,Tue Dec 14 2021 16:28:30 GMT+0800 (中国标准时间)
岚千砂都,20,14,'5.11,Tue Dec 14 2021 18:48:31 GMT+0800 (CST)
某,14,10,'1.79,Tue Dec 14 2021 18:57:06 GMT+0800 (中国标准时间)
某,14,10,'2.70,Tue Dec 14 2021 18:58:09 GMT+0800 (中国标准时间)
某,20,14,'3.70,Tue Dec 14 2021 18:58:28 GMT+0800 (中国标准时间)
叶月恋,14,10,'1.59,Tue Dec 14 2021 19:10:17 GMT+0800 (中国标准时间)
天平架 51 万博中心,14,10,'2.19,Tue Dec 14 2021 19:26:41 GMT+0800 (GMT+08:00)
涩谷香音,14,10,'1.04,Tue Dec 14 2021 19:27:07 GMT+0800 (中国标准时间)
平安名堇,14,10,'1.23,Tue Dec 14 2021 19:27:53 GMT+0800 (中国标准时间)
蛇口码头 331 松   岗,14,10,'1.61,Tue Dec 14 2021 19:27:55 GMT+0800 (GMT+08:00)
涩谷香音,14,10,'1.73,Tue Dec 14 2021 19:37:41 GMT+0800 (中国标准时间)
叶月恋,14,10,'0.94,Tue Dec 14 2021 19:38:13 GMT+0800 (中国标准时间)
圣泽悠奈,14,10,'0.85,Tue Dec 14 2021 19:38:24 GMT+0800 (中国标准时间)
唐可可,14,10,'2.22,Tue Dec 14 2021 19:38:54 GMT+0800 (中国标准时间)
平安名堇,14,10,'2.22,Tue Dec 14 2021 20:05:14 GMT+0800 (中国标准时间)
唐可可,14,10,'1.54,Tue Dec 14 2021 20:06:24 GMT+0800 (中国标准时间)
天下无敌第一k_kk,14,10,'2.63,Tue Dec 14 2021 21:31:57 GMT+0800 (中国标准时间)
天下无敌第一,14,10,'1.14,Tue Dec 14 2021 21:33:39 GMT+0800 (中国标准时间)
平安名堇,20,14,'2.50,Tue Dec 14 2021 21:42:09 GMT+0800 (中国标准时间)
州府,14,10,'2.21,Tue Dec 14 2021 21:46:44 GMT+0800 (CST)
州府,14,10,'1.52,Tue Dec 14 2021 21:47:06 GMT+0800 (CST)
圣泽悠奈,14,10,'1.75,Tue Dec 14 2021 21:48:28 GMT+0800 (CST)
州府,14,10,'1.02,Tue Dec 14 2021 21:48:38 GMT+0800 (CST)
州府,14,10,'1.07,Tue Dec 14 2021 21:49:13 GMT+0800 (CST)
州府,14,10,'1.43,Tue Dec 14 2021 21:49:21 GMT+0800 (CST)
平安名堇,14,10,'1.18,Tue Dec 14 2021 21:49:35 GMT+0800 (CST)
叶月恋,14,10,'2.62,Tue Dec 14 2021 21:50:15 GMT+0800 (CST)
岚千砂都,14,10,'2.38,Tue Dec 14 2021 21:50:27 GMT+0800 (CST)
涩谷香音,14,10,'2.98,Tue Dec 14 2021 21:50:48 GMT+0800 (CST)
圣泽悠奈,14,10,'1.70,Tue Dec 14 2021 21:51:05 GMT+0800 (CST)
涩谷香音,14,10,'1.77,Tue Dec 14 2021 21:51:10 GMT+0800 (CST)
阳明,20,14,'4.29,Tue Dec 14 2021 21:51:43 GMT+0800 (中国标准时间)
州府,20,14,'2.88,Tue Dec 14 2021 21:53:12 GMT+0800 (CST)
州府,20,14,'1.91,Tue Dec 14 2021 21:57:08 GMT+0800 (CST)
州府,14,20,'5.77,Tue Dec 14 2021 21:58:26 GMT+0800 (CST)
州府,14,20,'3.53,Tue Dec 14 2021 21:58:39 GMT+0800 (CST)
州府,14,20,'2.46,Tue Dec 14 2021 21:59:04 GMT+0800 (CST)
涩谷香音,14,10,'2.51,Tue Dec 14 2021 22:03:47 GMT+0800 (中国标准时间)
平安名堇,20,14,'4.74,Tue Dec 14 2021 22:04:58 GMT+0800 (中国标准时间)
阿塔尼斯,14,10,'1.76,Tue Dec 14 2021 22:48:25 GMT+0800 (中国标准时间)
叶月恋,14,10,'1.61,Tue Dec 14 2021 22:49:36 GMT+0800 (中国标准时间)
涩谷香音,14,10,'2.55,Tue Dec 14 2021 22:50:49 GMT+0800 (中国标准时间)
唐可可,14,10,'2.21,Tue Dec 14 2021 22:51:17 GMT+0800 (中国标准时间)
唐可可,14,10,'0.65,Tue Dec 14 2021 23:07:31 GMT+0800 (中国标准时间)
圣泽悠奈,20,14,'3.49,Wed Dec 15 2021 00:28:04 GMT+0800 (中国标准时间)
企鹅电竞,14,10,'2.27,Wed Dec 15 2021 03:14:44 GMT+0800 (CST)
唐可可,14,10,'2.95,Wed Dec 15 2021 11:07:22 GMT+0800 (中国标准时间)
澳ρ,14,10,'1.51,Wed Dec 15 2021 12:45:57 GMT+0800 (中国标准时间)
叶月恋,14,10,'2.10,Wed Dec 15 2021 13:20:33 GMT+0800 (中国标准时间)
澳ρ,14,10,'1.46,Wed Dec 15 2021 14:33:00 GMT+0800 (中国标准时间)
叶月恋,20,14,'4.46,Wed Dec 15 2021 14:39:50 GMT+0800 (中国标准时间)
澳ρ,20,14,'1.42,Wed Dec 15 2021 14:40:15 GMT+0800 (中国标准时间)
涩谷香音,14,10,'1.35,Wed Dec 15 2021 14:40:30 GMT+0800 (中国标准时间)
岚千砂都,14,10,'2.01,Wed Dec 15 2021 14:40:44 GMT+0800 (中国标准时间)
*寄*鹰众,14,10,'2.44,Wed Dec 15 2021 15:04:38 GMT+0800 (中国标准时间)
*寄*鹰众,14,10,'1.05,Wed Dec 15 2021 15:05:23 GMT+0800 (中国标准时间)
*寄*鹰众,14,10,'1.46,Wed Dec 15 2021 15:05:49 GMT+0800 (中国标准时间)
*寄*鹰众,14,10,'1.19,Wed Dec 15 2021 15:06:23 GMT+0800 (中国标准时间)
*寄*鹰众,14,10,'2.02,Wed Dec 15 2021 15:06:37 GMT+0800 (中国标准时间)
*寄*鹰众,14,10,'1.18,Wed Dec 15 2021 15:06:53 GMT+0800 (中国标准时间)
*寄*鹰众,14,10,'0.98,Wed Dec 15 2021 15:07:08 GMT+0800 (中国标准时间)
*寄*鹰众,14,10,'2.67,Wed Dec 15 2021 15:07:20 GMT+0800 (中国标准时间)
*寄*鹰众,14,10,'2.88,Wed Dec 15 2021 15:07:34 GMT+0800 (中国标准时间)
*寄*鹰众,14,10,'1.80,Wed Dec 15 2021 15:08:08 GMT+0800 (中国标准时间)
*寄*鹰众,14,10,'1.74,Wed Dec 15 2021 15:08:15 GMT+0800 (中国标准时间)
*寄*鹰众,14,10,'1.63,Wed Dec 15 2021 15:08:30 GMT+0800 (中国标准时间)
*寄*鹰众,14,10,'1.45,Wed Dec 15 2021 15:09:41 GMT+0800 (中国标准时间)
*寄*鹰众,14,10,'1.13,Wed Dec 15 2021 15:10:21 GMT+0800 (中国标准时间)
*寄*鹰众,14,10,'1.28,Wed Dec 15 2021 15:10:55 GMT+0800 (中国标准时间)
*寄*鹰众,14,10,'0.87,Wed Dec 15 2021 15:11:17 GMT+0800 (中国标准时间)
*寄*鹰众,20,14,'1.27,Wed Dec 15 2021 15:13:28 GMT+0800 (中国标准时间)
佳苯,20,14,'4.36,Wed Dec 15 2021 15:46:31 GMT+0800 (CST)
~你爹爹~,14,10,'1.48,Wed Dec 15 2021 16:30:44 GMT+0800 (CST)
岚千砂都,14,10,'2.59,Wed Dec 15 2021 16:39:20 GMT+0800 (中国标准时间)
Ae,20,14,'0.92,Wed Dec 15 2021 16:53:20 GMT+0800 (中国标准时间)
圣泽悠奈,14,10,'1.12,Wed Dec 15 2021 18:30:04 GMT+0800 (中国标准时间)
"1668('[src=""keke.jpg""]')[0]?.click()",14,10,'0.93,Wed Dec 15 2021 18:31:39 GMT+0800 (中国标准时间)
KGSN,14,10,'0.24,Wed Dec 15 2021 18:35:39 GMT+0800 (中国标准时间)
圣泽悠奈,14,10,'2.67,Wed Dec 15 2021 19:05:37 GMT+0800 (China Standard Time)
大傻逼,14,10,'1.66,Wed Dec 15 2021 19:06:16 GMT+0800 (China Standard Time)
Meteors,14,10,'2.62,Wed Dec 15 2021 19:24:12 GMT+0800 (中国标准时间)
圣泽悠奈,14,10,'1.80,Wed Dec 15 2021 19:25:33 GMT+0800 (China Standard Time)
岚千砂都,14,10,'1.33,Wed Dec 15 2021 19:26:59 GMT+0800 (中国标准时间)
于老爷子,14,10,'1.15,Wed Dec 15 2021 19:28:11 GMT+0800 (中国标准时间)
岚千砂都,14,10,'1.79,Wed Dec 15 2021 19:29:50 GMT+0800 (中国标准时间)
平安名堇,14,10,'1.27,Wed Dec 15 2021 19:50:11 GMT+0800 (中国标准时间)
圣泽悠奈,14,10,'1.96,Wed Dec 15 2021 20:54:10 GMT+0800 (中国标准时间)
叶月恋,14,10,'1.05,Wed Dec 15 2021 20:54:19 GMT+0800 (中国标准时间)
涩谷香音,14,10,'1.03,Wed Dec 15 2021 20:54:35 GMT+0800 (中国标准时间)
唐可可,20,14,'5.74,Wed Dec 15 2021 21:16:51 GMT+0800 (中国标准时间)
澳ρ,14,10,'1.44,Wed Dec 15 2021 21:44:05 GMT+0800 (中国标准时间)
唐可可,20,14,'4.50,Wed Dec 15 2021 22:19:46 GMT+0800 (中国标准时间)
圣泽悠奈,14,10,'1.60,Wed Dec 15 2021 22:23:56 GMT+0800 (中国标准时间)
平安名堇,20,14,'1.42,Wed Dec 15 2021 23:14:21 GMT+0800 (中国标准时间)
平安名堇,20,20,'4.67,Wed Dec 15 2021 23:22:48 GMT+0800 (中国标准时间)
叶月恋,14,10,'1.40,Wed Dec 15 2021 23:25:10 GMT+0800 (中国标准时间)
平安名堇,14,10,'1.39,Wed Dec 15 2021 23:25:25 GMT+0800 (中国标准时间)
平安名堇,14,10,'2.86,Wed Dec 15 2021 23:25:37 GMT+0800 (中国标准时间)
涩谷香音,14,14,'1.32,Wed Dec 15 2021 23:25:41 GMT+0800 (中国标准时间)
岚千砂都,14,14,'1.10,Wed Dec 15 2021 23:25:53 GMT+0800 (中国标准时间)
唐可可,20,14,'0.81,Wed Dec 15 2021 23:26:08 GMT+0800 (中国标准时间)
圣泽悠奈,20,20,'1.59,Wed Dec 15 2021 23:26:14 GMT+0800 (中国标准时间)
圣泽悠奈,14,10,'1.74,Thu Dec 16 2021 00:11:33 GMT+0800 (CST)
涩谷香音,14,10,'2.75,Thu Dec 16 2021 00:11:50 GMT+0800 (CST)
澳ρ,14,10,'1.74,Thu Dec 16 2021 00:12:07 GMT+0800 (CST)
柒,14,10,'1.96,Thu Dec 16 2021 00:55:28 GMT+0800 (中国标准时间)
澳ρ,14,10,'1.06,Thu Dec 16 2021 00:56:17 GMT+0800 (中国标准时间)
柒,14,10,'0.89,Thu Dec 16 2021 00:56:29 GMT+0800 (中国标准时间)
柒,14,14,'0.97,Thu Dec 16 2021 00:57:09 GMT+0800 (中国标准时间)
叶月恋,14,10,'2.67,Thu Dec 16 2021 02:03:01 GMT+0800 (中国标准时间)
叶月恋,14,10,'2.91,Thu Dec 16 2021 03:34:08 GMT+0800 (CST)
Messi,20,14,'3.50,Thu Dec 16 2021 09:50:09 GMT+0800 (中国标准时间)
圣泽悠奈,14,10,'1.51,Thu Dec 16 2021 10:13:09 GMT+0800 (中国标准时间)
圣泽悠奈,14,10,'1.55,Thu Dec 16 2021 10:13:24 GMT+0800 (中国标准时间)
平安名堇,14,10,'2.54,Thu Dec 16 2021 10:44:36 GMT+0800 (中国标准时间)
平安名堇,14,10,'2.23,Thu Dec 16 2021 10:45:03 GMT+0800 (中国标准时间)
Min,14,10,'1.32,Thu Dec 16 2021 11:25:14 GMT+0800 (中国标准时间)
Min,14,10,'2.54,Thu Dec 16 2021 11:26:35 GMT+0800 (中国标准时间)
岚千砂都,14,10,'2.76,Thu Dec 16 2021 11:27:15 GMT+0800 (中国标准时间)
岚千砂都,14,10,'1.67,Thu Dec 16 2021 11:28:10 GMT+0800 (中国标准时间)
圣泽悠奈,14,10,'1.18,Thu Dec 16 2021 13:23:36 GMT+0800 (中国标准时间)
mikucy,14,10,'2.53,Thu Dec 16 2021 13:49:55 GMT+0800 (中国标准时间)
mikucy,14,10,'2.21,Thu Dec 16 2021 13:51:22 GMT+0800 (中国标准时间)
mikucy,14,10,'1.81,Thu Dec 16 2021 13:52:28 GMT+0800 (中国标准时间)
mikucy,14,10,'1.24,Thu Dec 16 2021 13:52:44 GMT+0800 (中国标准时间)
mikucy,14,10,'1.44,Thu Dec 16 2021 13:54:53 GMT+0800 (中国标准时间)
mikucy,14,10,'1.40,Thu Dec 16 2021 13:55:37 GMT+0800 (中国标准时间)
唐可可,14,10,'1.98,Thu Dec 16 2021 13:56:17 GMT+0800 (香港标准时间)
mikucy,14,10,'1.07,Thu Dec 16 2021 14:02:02 GMT+0800 (中国标准时间)
岚千砂都,14,10,'0.78,Thu Dec 16 2021 14:12:03 GMT+0800 (中国标准时间)
圣泽悠奈,14,10,'1.37,Thu Dec 16 2021 14:12:11 GMT+0800 (中国标准时间)
涩谷香音,20,14,'0.90,Thu Dec 16 2021 14:12:21 GMT+0800 (中国标准时间)
圣泽悠奈,14,14,'3.28,Thu Dec 16 2021 14:30:18 GMT+0800 (中国标准时间)
唐可可,14,14,'1.64,Thu Dec 16 2021 14:30:42 GMT+0800 (中国标准时间)
涩谷香音,20,14,'3.62,Thu Dec 16 2021 14:30:57 GMT+0800 (中国标准时间)
平安名堇,10,20,'2.83,Thu Dec 16 2021 14:43:19 GMT+0800 (中国标准时间)
叶月恋,14,14,'2.56,Thu Dec 16 2021 14:50:12 GMT+0800 (中国标准时间)
平安名堇,14,14,'2.37,Thu Dec 16 2021 14:50:28 GMT+0800 (中国标准时间)
叶月恋,10,10,'1.05,Thu Dec 16 2021 14:50:55 GMT+0800 (中国标准时间)
唐可可,20,14,'2.03,Thu Dec 16 2021 14:50:45 GMT+0800 (中国标准时间)
圣泽悠奈,14,10,'2.06,Thu Dec 16 2021 14:56:55 GMT+0800 (中国标准时间)
yww,20,14,'4.98,Thu Dec 16 2021 15:01:25 GMT+0800 (中国标准时间)
yww,20,14,'5.06,Thu Dec 16 2021 15:02:25 GMT+0800 (中国标准时间)
yww,14,10,'1.02,Thu Dec 16 2021 15:03:14 GMT+0800 (中国标准时间)
dd,14,10,'1.95,Thu Dec 16 2021 15:04:05 GMT+0800 (中国标准时间)
yww,14,10,'2.14,Thu Dec 16 2021 15:05:19 GMT+0800 (中国标准时间)
哇,14,10,'2.60,Thu Dec 16 2021 15:08:24 GMT+0800 (中国标准时间)
叶月恋,14,10,'1.67,Thu Dec 16 2021 15:12:39 GMT+0800 (中国标准时间)
唐可可,14,10,'2.00,Thu Dec 16 2021 15:13:03 GMT+0800 (中国标准时间)
岚千砂都,14,10,'1.87,Thu Dec 16 2021 15:15:05 GMT+0800 (中国标准时间)
叶月恋,14,10,'1.41,Thu Dec 16 2021 15:15:37 GMT+0800 (中国标准时间)
圣泽悠奈,20,20,'6.06,Thu Dec 16 2021 15:16:40 GMT+0800 (中国标准时间)
唐可可,14,10,'2.95,Thu Dec 16 2021 15:18:42 GMT+0800 (中国标准时间)
唐可可,14,10,'2.96,Thu Dec 16 2021 15:22:29 GMT+0800 (中国标准时间)
连城,10,10,'1.37,Thu Dec 16 2021 15:27:08 GMT+0800 (中国标准时间)
澳ρ,14,10,'2.86,Thu Dec 16 2021 15:27:36 GMT+0800 (中国标准时间)
澳ρ,20,14,'4.62,Thu Dec 16 2021 15:28:44 GMT+0800 (中国标准时间)
岚千砂都,20,14,'2.07,Thu Dec 16 2021 15:29:02 GMT+0800 (中国标准时间)
圣泽悠奈,20,14,'3.14,Thu Dec 16 2021 15:29:10 GMT+0800 (中国标准时间)
平安名堇,14,10,'2.03,Thu Dec 16 2021 15:29:25 GMT+0800 (中国标准时间)
平安名堇,20,14,'1.29,Thu Dec 16 2021 15:30:05 GMT+0800 (中国标准时间)
岚千砂都,20,14,'1.09,Thu Dec 16 2021 15:30:16 GMT+0800 (中国标准时间)
因为懂,14,10,'1.48,Thu Dec 16 2021 15:34:14 GMT+0800 (中国标准时间)
岚千砂都,14,10,'0.87,Thu Dec 16 2021 15:36:48 GMT+0800 (中国标准时间)
因为懂,20,14,'4.24,Thu Dec 16 2021 15:37:14 GMT+0800 (中国标准时间)
因为懂,20,14,'3.95,Thu Dec 16 2021 15:38:03 GMT+0800 (中国标准时间)
涩谷香音,14,10,'1.24,Thu Dec 16 2021 15:38:51 GMT+0800 (中国标准时间)
因为懂,20,14,'1.27,Thu Dec 16 2021 15:38:59 GMT+0800 (中国标准时间)
须臾,20,20,'3.02,Thu Dec 16 2021 15:40:15 GMT+0800 (中国标准时间)
岚千砂都2312,14,10,'2.74,Thu Dec 16 2021 15:42:14 GMT+0800 (中国标准时间)
叶月恋,14,10,'2.13,Thu Dec 16 2021 15:43:26 GMT+0800 (CST)
zombie,14,10,'1.57,Thu Dec 16 2021 15:47:04 GMT+0800 (中国标准时间)
zombie,14,10,'2.51,Thu Dec 16 2021 15:47:47 GMT+0800 (中国标准时间)
zombie,14,10,'2.98,Thu Dec 16 2021 15:48:05 GMT+0800 (中国标准时间)
zombie,14,10,'1.31,Thu Dec 16 2021 15:48:16 GMT+0800 (中国标准时间)
zombie,14,10,'2.09,Thu Dec 16 2021 15:48:26 GMT+0800 (中国标准时间)
涩谷香音,20,14,'1.35,Thu Dec 16 2021 15:49:42 GMT+0800 (中国标准时间)
zombie,14,10,'2.79,Thu Dec 16 2021 15:49:47 GMT+0800 (中国标准时间)
叶月恋,20,14,'1.24,Thu Dec 16 2021 15:50:06 GMT+0800 (中国标准时间)
叶月恋,20,14,'1.22,Thu Dec 16 2021 15:50:30 GMT+0800 (中国标准时间)
小凡,14,10,'1.69,Thu Dec 16 2021 15:50:55 GMT+0800 (中国标准时间)
zombie,20,14,'4.88,Thu Dec 16 2021 15:51:12 GMT+0800 (中国标准时间)
zombie,20,14,'3.69,Thu Dec 16 2021 15:51:36 GMT+0800 (中国标准时间)
zombie,20,14,'4.01,Thu Dec 16 2021 15:52:01 GMT+0800 (中国标准时间)
叶月恋,14,10,'2.40,Thu Dec 16 2021 15:54:09 GMT+0800 (香港标准时间)
岚千砂都,14,10,'1.93,Thu Dec 16 2021 15:54:24 GMT+0800 (中国标准时间)
王博宸,14,10,'2.90,Thu Dec 16 2021 15:54:58 GMT+0800 (中国标准时间)
达达,14,10,'0.98,Thu Dec 16 2021 15:55:33 GMT+0800 (中国标准时间)
岚千砂都,14,10,'1.76,Thu Dec 16 2021 15:56:11 GMT+0800 (中国标准时间)
王博宸,200,20,'8.07,Thu Dec 16 2021 15:56:18 GMT+0800 (中国标准时间)
唐可可,14,10,'2.81,Thu Dec 16 2021 15:57:03 GMT+0800 (中国标准时间)
澳ρ,14,10,'2.70,Thu Dec 16 2021 15:57:19 GMT+0800 (中国标准时间)
涩谷香音,14,10,'2.35,Thu Dec 16 2021 15:57:25 GMT+0800 (中国标准时间)
圣泽悠奈,14,10,'1.38,Thu Dec 16 2021 15:57:55 GMT+0800 (中国标准时间)
叶月恋,14,10,'2.86,Thu Dec 16 2021 15:58:16 GMT+0800 (中国标准时间)
涩谷香音,14,10,'1.86,Thu Dec 16 2021 15:57:34 GMT+0800 (中国标准时间)
唐可可,10,10,'0.78,Thu Dec 16 2021 15:58:41 GMT+0800 (中国标准时间)
唐可可,14,10,'2.39,Thu Dec 16 2021 15:58:55 GMT+0800 (中国标准时间)
涩谷香音,14,10,'1.15,Thu Dec 16 2021 15:59:06 GMT+0800 (中国标准时间)
岚千砂都,20,14,'2.28,Thu Dec 16 2021 15:59:21 GMT+0800 (中国标准时间)
澳ρ,14,10,'2.21,Thu Dec 16 2021 15:59:51 GMT+0800 (中国标准时间)
岚千砂都,14,10,'2.62,Thu Dec 16 2021 16:00:22 GMT+0800 (中国标准时间)
涩谷香音,14,10,'1.63,Thu Dec 16 2021 16:00:37 GMT+0800 (中国标准时间)
唐可可,14,10,'2.33,Thu Dec 16 2021 16:00:59 GMT+0800 (中国标准时间)
叶月恋,14,10,'1.99,Thu Dec 16 2021 16:01:11 GMT+0800 (中国标准时间)
岚千砂都,14,10,'2.13,Thu Dec 16 2021 16:02:56 GMT+0800 (中国标准时间)
唐可可,20,14,'3.82,Thu Dec 16 2021 16:04:14 GMT+0800 (香港标准时间)
叶月恋,14,10,'2.81,Thu Dec 16 2021 16:04:27 GMT+0800 (中国标准时间)
圣泽悠奈,14,10,'2.98,Thu Dec 16 2021 16:05:37 GMT+0800 (中国标准时间)
阿巴阿巴,14,10,'1.25,Thu Dec 16 2021 16:10:13 GMT+0800 (中国标准时间)
平安名堇,14,10,'2.58,Thu Dec 16 2021 16:10:23 GMT+0800 (GMT+08:00)
圣泽悠奈,14,10,'2.36,Thu Dec 16 2021 16:12:19 GMT+0800 (中国标准时间)
坠落天使,14,14,'3.16,Thu Dec 16 2021 16:12:18 GMT+0800 (中国标准时间)
唐可可,14,10,'1.08,Thu Dec 16 2021 16:13:09 GMT+0800 (中国标准时间)
岚千砂都,20,14,'0.98,Thu Dec 16 2021 16:13:32 GMT+0800 (中国标准时间)
岚千砂都,14,10,'2.15,Thu Dec 16 2021 16:13:36 GMT+0800 (GMT+08:00)
坠落天使,20,14,'1.34,Thu Dec 16 2021 16:15:37 GMT+0800 (中国标准时间)
坠落天使,14,14,'1.35,Thu Dec 16 2021 16:16:03 GMT+0800 (中国标准时间)
坠落天使,14,10,'1.36,Thu Dec 16 2021 16:16:42 GMT+0800 (中国标准时间)
坠落天使,14,10,'1.09,Thu Dec 16 2021 16:17:16 GMT+0800 (中国标准时间)
chaochao,14,10,'1.55,Thu Dec 16 2021 16:18:33 GMT+0800 (中国标准时间)
chaochao,20,14,'2.06,Thu Dec 16 2021 16:21:17 GMT+0800 (中国标准时间)
岚千砂都,14,10,'1.78,Thu Dec 16 2021 16:23:15 GMT+0800 (中国标准时间)
赵鱼鱼,14,14,'3.28,Thu Dec 16 2021 16:24:01 GMT+0800 (中国标准时间)
侯成园,20,14,'2.42,Thu Dec 16 2021 16:30:16 GMT+0800 (中国标准时间)
侯成园,20,14,'1.57,Thu Dec 16 2021 16:30:40 GMT+0800 (中国标准时间)
侯成园,20,14,'1.25,Thu Dec 16 2021 16:30:57 GMT+0800 (中国标准时间)
侯成园,20,14,'1.01,Thu Dec 16 2021 16:31:24 GMT+0800 (中国标准时间)
叶月恋,14,10,'2.37,Thu Dec 16 2021 16:31:45 GMT+0800 (中国标准时间)
平安名堇,14,10,'1.89,Thu Dec 16 2021 16:32:14 GMT+0800 (CST)
唐可可,14,10,'1.90,Thu Dec 16 2021 16:35:23 GMT+0800 (中国标准时间)
平安名堇,14,10,'1.87,Thu Dec 16 2021 16:35:38 GMT+0800 (中国标准时间)
叶月恋,14,10,'2.84,Thu Dec 16 2021 16:36:09 GMT+0800 (中国标准时间)
圣泽悠奈,20,20,'7.30,Thu Dec 16 2021 16:37:05 GMT+0800 (中国标准时间)
澳ρ,14,10,'2.35,Thu Dec 16 2021 16:38:00 GMT+0800 (中国标准时间)
平安名堇,14,10,'2.84,Thu Dec 16 2021 16:41:51 GMT+0800 (中国标准时间)
zeh,14,10,'1.64,Thu Dec 16 2021 16:45:52 GMT+0800 (中国标准时间)
岚千砂都,14,10,'2.30,Thu Dec 16 2021 16:47:01 GMT+0800 (中国标准时间)
涩谷香音,14,10,'2.82,Thu Dec 16 2021 16:49:06 GMT+0800 (中国标准时间)
唐可可,20,14,'1.67,Thu Dec 16 2021 16:49:55 GMT+0800 (中国标准时间)
澳ρ,14,10,'1.73,Thu Dec 16 2021 16:50:05 GMT+0800 (中rg)
澳ρ,20,14,'1.33,Thu Dec 16 2021 16:50:39 GMT+0800 (中国标准时间)
平安名堇,14,10,'1.40,Thu Dec 16 2021 16:49:45 GMT+0800 (中国标准时间)
叶月恋,14,10,'2.36,Thu Dec 16 2021 16:51:10 GMT+0800 (中国标准时间)
平安名堇,14,10,'2.81,Thu Dec 16 2021 16:52:36 GMT+0800 (中国标准时间)
岚千砂都,14,10,'2.98,Thu Dec 16 2021 16:57:33 GMT+0800 (中国标准时间)
澳ρ,14,14,'3.70,Thu Dec 16 2021 16:58:37 GMT+0800 (中国标准时间)
圣泽悠奈,14,14,'1.57,Thu Dec 16 2021 16:59:12 GMT+0800 (中国标准时间)
帅哥宇,14,10,'1.60,Thu Dec 16 2021 17:03:35 GMT+0800 (中国标准时间)
厉害了,14,10,'1.47,Thu Dec 16 2021 17:04:06 GMT+0800 (中国标准时间)
平安名堇,14,10,'1.21,Thu Dec 16 2021 17:06:11 GMT+0800 (中国标准时间)
涩谷香音,14,10,'0.94,Thu Dec 16 2021 17:06:36 GMT+0800 (中国标准时间)
一个随便点的幸运选手,20,14,'3.97,Thu Dec 16 2021 17:06:35 GMT+0800 (中国标准时间)
极限了,20,14,'1.74,Thu Dec 16 2021 17:11:11 GMT+0800 (中国标准时间)
静安民警,14,10,'1.62,Thu Dec 16 2021 17:11:44 GMT+0800 (中国标准时间)
平安名堇,14,10,'1.48,Thu Dec 16 2021 17:12:28 GMT+0800 (中国标准时间)
八重光,20,14,'5.10,Thu Dec 16 2021 17:13:01 GMT+0800 (中国标准时间)
涩谷香音,20,14,'4.97,Thu Dec 16 2021 17:13:34 GMT+0800 (中国标准时间)
岚千砂都,14,14,'3.84,Thu Dec 16 2021 17:14:09 GMT+0800 (中国标准时间)
平安名堇,20,14,'2.05,Thu Dec 16 2021 17:15:06 GMT+0800 (中国标准时间)
岚千砂都,14,14,'3.24,Thu Dec 16 2021 17:15:43 GMT+0800 (中国标准时间)
圣泽悠奈,14,14,'3.98,Thu Dec 16 2021 17:16:35 GMT+0800 (中国标准时间)
叶月恋,14,14,'2.88,Thu Dec 16 2021 17:16:46 GMT+0800 (中国标准时间)
圣泽悠奈,14,14,'0.90,Thu Dec 16 2021 17:16:57 GMT+0800 (中国标准时间)
平安名堇,14,10,'2.22,Thu Dec 16 2021 17:18:01 GMT+0800 (中国标准时间)
平安名堇,14,10,'0.91,Thu Dec 16 2021 17:18:12 GMT+0800 (中国标准时间)
涩谷香音,99,99,'43.16,Thu Dec 16 2021 17:18:47 GMT+0800 (中国标准时间)
涩谷加农炮,20,14,'4.64,Thu Dec 16 2021 17:24:46 GMT+0800 (中国标准时间)
唐可可,20,14,'5.87,Thu Dec 16 2021 17:30:06 GMT+0800 (中国标准时间)
澳ρ,20,20,'5.03,Thu Dec 16 2021 17:35:29 GMT+0800 (中国标准时间)
唐可可,20,20,'3.15,Thu Dec 16 2021 17:36:11 GMT+0800 (中国标准时间)
圣泽悠奈,14,10,'1.95,Thu Dec 16 2021 17:41:38 GMT+0800 (中国标准时间)
涩谷香音,14,10,'2.52,Thu Dec 16 2021 17:42:23 GMT+0800 (中国标准时间)
唐可可,14,10,'1.35,Thu Dec 16 2021 17:42:36 GMT+0800 (中国标准时间)
涩谷香音,20,14,'4.16,Thu Dec 16 2021 17:45:45 GMT+0800 (中国标准时间)
唐可可,14,10,'2.37,Thu Dec 16 2021 17:46:06 GMT+0800 (中国标准时间)
叶月恋,14,10,'1.97,Thu Dec 16 2021 17:54:05 GMT+0800 (中国标准时间)
圣泽悠奈,14,10,'2.00,Thu Dec 16 2021 17:56:50 GMT+0800 (香港标准时间)
圣泽悠奈,14,10,'1.15,Thu Dec 16 2021 18:03:39 GMT+0800 (中国标准时间)
澳ρ,14,10,'0.82,Thu Dec 16 2021 18:03:46 GMT+0800 (中国标准时间)
叶月恋,20,14,'2.12,Thu Dec 16 2021 18:04:01 GMT+0800 (中国标准时间)
唐可可,14,10,'2.27,Thu Dec 16 2021 18:13:18 GMT+0800 (中国标准时间)
唐可可,14,10,'2.01,Thu Dec 16 2021 18:26:11 GMT+0800 (香港标准时间)
叶月恋,20,14,'1.12,Thu Dec 16 2021 18:26:29 GMT+0800 (中国标准时间)
叶月恋,20,14,'5.80,Thu Dec 16 2021 18:26:43 GMT+0800 (中国标准时间)
khjxiaogu,20,14,'5.64,Thu Dec 16 2021 18:27:10 GMT+0800 (GMT+08:00)
AOI_rika,14,10,'2.47,Thu Dec 16 2021 18:30:20 GMT+0800 (中国标准时间)
唐可可,20,14,'2.39,Thu Dec 16 2021 19:35:27 GMT+0900 (韩国标准时间)
Rika_aoi,14,10,'2.26,Thu Dec 16 2021 18:35:26 GMT+0800 (中国标准时间)
涩谷香音,20,14,'4.35,Thu Dec 16 2021 19:36:09 GMT+0900 (韩国标准时间)
Silicer,14,14,'1.72,Thu Dec 16 2021 18:41:20 GMT+0800 (香港标准时间)
澳ρ,14,10,'1.32,Thu Dec 16 2021 18:43:20 GMT+0800 (中国标准时间)
涩谷香音,14,10,'1.24,Thu Dec 16 2021 18:43:30 GMT+0800 (中国标准时间)
Silicer,20,14,'0.90,Thu Dec 16 2021 18:43:41 GMT+0800 (香港标准时间)
唐可可,14,10,'2.94,Thu Dec 16 2021 18:44:51 GMT+0800 (中国标准时间)
唐可可,12,23,'1.78,Thu Dec 16 2021 18:47:33 GMT+0800 (中国标准时间)
澳ρ,12,23,'3.33,Thu Dec 16 2021 18:48:32 GMT+0800 (中国标准时间)
正哥,12,23,'3.34,Thu Dec 16 2021 18:48:53 GMT+0800 (中国标准时间)
正哥,12,23,'2.41,Thu Dec 16 2021 18:50:01 GMT+0800 (中国标准时间)
正,12,23,'5.39,Thu Dec 16 2021 18:50:14 GMT+0800 (中国标准时间)
正,12,23,'3.52,Thu Dec 16 2021 18:50:24 GMT+0800 (中国标准时间)
正,12,23,'3.29,Thu Dec 16 2021 18:50:36 GMT+0800 (中国标准时间)
唐可可,12,23,'1.83,Thu Dec 16 2021 18:51:43 GMT+0800 (中国标准时间)
圣泽悠奈,12,23,'1.04,Thu Dec 16 2021 18:51:53 GMT+0800 (中国标准时间)
平安名堇,12,23,'1.82,Thu Dec 16 2021 18:52:09 GMT+0800 (中国标准时间)
岚千砂都,14,10,'2.41,Thu Dec 16 2021 18:52:24 GMT+0800 (中国标准时间)
平安名堇,14,14,'3.59,Thu Dec 16 2021 18:52:32 GMT+0800 (中国标准时间)
唐可可,14,10,'2.08,Thu Dec 16 2021 18:56:06 GMT+0800 (中国标准时间)
kamama、,14,10,'2.42,Thu Dec 16 2021 18:58:29 GMT+0800 (中国标准时间)
叶月恋,14,10,'1.97,Thu Dec 16 2021 18:59:46 GMT+0800 (香港标准时间)
csc,14,10,'1.50,Thu Dec 16 2021 18:59:11 GMT+0800 (GMT+08:00)
QAQ,14,14,'1.04,Thu Dec 16 2021 19:01:31 GMT+0800 (中国标准时间)
澳ρ,14,10,'2.44,Thu Dec 16 2021 19:03:27 GMT+0800 (中国标准时间)
平安名堇,14,10,'2.50,Thu Dec 16 2021 19:05:48 GMT+0800 (中国标准时间)
澳ρ,14,10,'2.89,Thu Dec 16 2021 19:06:15 GMT+0800 (中国标准时间)
平安名堇,14,10,'2.36,Thu Dec 16 2021 19:06:22 GMT+0800 (中国标准时间)
涩谷香音,14,10,'2.02,Thu Dec 16 2021 19:06:35 GMT+0800 (中国标准时间)
岚千砂都,14,10,'1.04,Thu Dec 16 2021 19:06:45 GMT+0800 (中国标准时间)
叶月恋,20,14,'5.01,Thu Dec 16 2021 19:10:20 GMT+0800 (中国标准时间)
贝勒爷,20,14,'3.16,Thu Dec 16 2021 19:11:20 GMT+0800 (香港标准时间)
唐可可,14,10,'2.74,Thu Dec 16 2021 19:11:49 GMT+0800 (中国标准时间)
贝勒爷,20,14,'2.03,Thu Dec 16 2021 19:11:55 GMT+0800 (香港标准时间)
唐可可,14,10,'1.52,Thu Dec 16 2021 19:12:38 GMT+0800 (中国标准时间)
涩谷香音,14,10,'2.83,Thu Dec 16 2021 19:20:21 GMT+0800 (中国标准时间)
岚千砂都,14,10,'1.25,Thu Dec 16 2021 19:20:45 GMT+0800 (中国标准时间)
喜喜,20,14,'3.83,Thu Dec 16 2021 19:24:19 GMT+0800 (中国标准时间)
唐可可,14,10,'2.90,Thu Dec 16 2021 19:27:14 GMT+0800 (中国标准时间)
平安名堇,14,10,'1.36,Thu Dec 16 2021 19:31:53 GMT+0800 (中国标准时间)
圣泽悠奈,14,10,'2.50,Thu Dec 16 2021 19:32:05 GMT+0800 (中国标准时间)
岚千砂都,14,10,'2.73,Thu Dec 16 2021 19:32:54 GMT+0800 (中国标准时间)
唐可可,14,10,'2.43,Thu Dec 16 2021 19:33:29 GMT+0800 (香港标准时间)
请叫我迪迦,20,14,'1.42,Thu Dec 16 2021 19:33:43 GMT+0800 (中国标准时间)
圣泽悠奈,14,10,'2.57,Thu Dec 16 2021 19:34:43 GMT+0800 (香港标准时间)
涩谷香音,14,10,'2.75,Thu Dec 16 2021 19:34:57 GMT+0800 (香港标准时间)
涩谷香音,14,10,'2.14,Thu Dec 16 2021 19:35:19 GMT+0800 (香港标准时间)
圣泽悠奈,14,10,'1.38,Thu Dec 16 2021 19:37:17 GMT+0800 (中国标准时间)
澳ρ,14,10,'0.96,Thu Dec 16 2021 19:37:37 GMT+0800 (中国标准时间)
圣泽悠奈,20,14,'1.61,Thu Dec 16 2021 19:38:04 GMT+0800 (中国标准时间)
四羟基合铝酸钠,14,10,'1.33,Thu Dec 16 2021 19:38:00 GMT+0800 (中国标准时间)
平安名堇,14,10,'2.77,Thu Dec 16 2021 19:38:52 GMT+0800 (中国标准时间)
叶月恋,14,10,'2.12,Thu Dec 16 2021 19:38:56 GMT+0800 (中国标准时间)
圣泽悠奈,14,10,'1.87,Thu Dec 16 2021 19:39:18 GMT+0800 (中国标准时间)
外王内圣,14,10,'2.80,Thu Dec 16 2021 19:41:27 GMT+0800 (中国标准时间)
岚千砂都,14,10,'2.03,Thu Dec 16 2021 19:46:43 GMT+0800 (中国标准时间)
平安名堇,10,20,'3.98,Thu Dec 16 2021 19:48:23 GMT+0800 (中国标准时间)
岚千砂都,10,20,'2.99,Thu Dec 16 2021 19:48:52 GMT+0800 (中国标准时间)
我爱王琦,14,10,'2.15,Thu Dec 16 2021 20:04:06 GMT+0800 (中国标准时间)
叶月恋,14,10,'2.60,Thu Dec 16 2021 20:05:12 GMT+0800 (中国标准时间)
softeast,14,10,'2.06,Thu Dec 16 2021 20:09:25 GMT+0800 (中国标准时间)
岚千砂都,14,10,'1.50,Thu Dec 16 2021 20:09:39 GMT+0800 (GMT+08:00)
softeast,14,10,'1.87,Thu Dec 16 2021 20:10:01 GMT+0800 (中国标准时间)
唐可可,14,10,'2.73,Thu Dec 16 2021 20:10:25 GMT+0800 (中国标准时间)
涩谷香音,14,10,'1.81,Thu Dec 16 2021 20:11:32 GMT+0800 (中国标准时间)
岚千砂都,14,10,'2.10,Thu Dec 16 2021 20:13:22 GMT+0800 (中国标准时间)
114514,114,514,'57.80,Thu Dec 16 2021 20:14:42 GMT+0800 (中国标准时间)
小雨的一桐,14,10,'1.38,Thu Dec 16 2021 20:17:19 GMT+0800 (CST)
小雨的一桐,14,10,'0.93,Thu Dec 16 2021 20:19:29 GMT+0800 (CST)
涩谷香音,14,10,'1.23,Thu Dec 16 2021 20:20:25 GMT+0800 (中国标准时间)
圣泽悠奈,20,14,'4.13,Thu Dec 16 2021 20:20:17 GMT+0800 (中国标准时间)
小雨的一桐,20,14,'4.10,Thu Dec 16 2021 20:21:31 GMT+0800 (CST)
